﻿<?xml version="1.0" encoding="utf-8"?>
<ArrayOfPD_Control_Cfg xmlns:xsi="http://www.w3.org/2001/XMLSchema-instance" xmlns:xsd="http://www.w3.org/2001/XMLSchema">
  <PD_Control_Cfg Enabled="1">
    <ShopID>70</ShopID>
    <MachineID>1</MachineID>
    <TabPages>
      <PD_TabPage_Cfg>
        <Name>КТС ЦБН</Name>
        <ChartXY>
          <Name>noname</Name>
          <HideMessage>Отображать график ...</HideMessage>
          <SeriesCfgs>
            <ChartSerieCfg>
              <Name>Гистограмма режимов работы ЦБН</Name>
              <Description>Здесь может быть кокое-то описание бля-бля-бля!</Description>
              <ChartType>Column</ChartType>
              <Width>2</Width>
              <strLineColor>LightBlue</strLineColor>
              <DashStyle>Solid</DashStyle>
              <MarkerStep>2</MarkerStep>
              <HideEnable>true</HideEnable>
              <Marker>None</Marker>
              <MarkerSize>1</MarkerSize>
            </ChartSerieCfg>
            <ChartSerieCfg>
              <Name>Паспортная характеристика</Name>
              <Description>Заводское значение политропного КПД</Description>
              <ChartType>Spline</ChartType>
              <Width>2</Width>
              <strLineColor>Blue</strLineColor>
              <DashStyle>Solid</DashStyle>
              <MarkerStep>1</MarkerStep>
              <HideEnable>true</HideEnable>
              <Marker>None</Marker>
              <MarkerSize>1</MarkerSize>
            </ChartSerieCfg>
            <ChartSerieCfg>
              <Name>Допустимое нормативное значение политропного КПД ЦБН</Name>
              <Description>Допустимое нормативное значение политропного КПД ЦБН</Description>
              <ChartType>Spline</ChartType>
              <Width>1</Width>
              <strLineColor>Red</strLineColor>
              <DashStyle>Dot</DashStyle>
              <MarkerStep>1</MarkerStep>
              <HideEnable>true</HideEnable>
              <Marker>None</Marker>
              <MarkerSize>1</MarkerSize>
            </ChartSerieCfg>
            <ChartSerieCfg>
              <Name>Предыдущие значения политропного КПД ЦБН</Name>
              <Description>Фактический политропный КПД</Description>
              <ChartType>Point</ChartType>
              <Width>3</Width>
              <strLineColor>Gray</strLineColor>
              <DashStyle>Solid</DashStyle>
              <MarkerStep>1</MarkerStep>
              <HideEnable>true</HideEnable>
              <Marker>None</Marker>
              <MarkerSize>3</MarkerSize>
            </ChartSerieCfg>
            <ChartSerieCfg>
              <Name>Текущее значение политропного КПД ЦБН</Name>
              <Description>Текущее значение политропного КПД ЦБН</Description>
              <ChartType>Point</ChartType>
              <Width>1</Width>
              <strLineColor>LimeGreen</strLineColor>
              <DashStyle>Solid</DashStyle>
              <MarkerStep>1</MarkerStep>
              <HideEnable>true</HideEnable>
              <Marker>Cross</Marker>
              <MarkerSize>15</MarkerSize>
            </ChartSerieCfg>
            <ChartSerieCfg>
              <Name>Номинальное значение политропного КПД по ТУ</Name>
              <Description>Здесь может быть кокое-то описание бля-бля-бля!</Description>
              <ChartType>Point</ChartType>
              <Width>2</Width>
              <strLineColor>Blue</strLineColor>
              <DashStyle>Solid</DashStyle>
              <MarkerStep>1</MarkerStep>
              <HideEnable>true</HideEnable>
              <Marker>Circle</Marker>
              <MarkerSize>15</MarkerSize>
            </ChartSerieCfg>
            <ChartSerieCfg>
              <Name>Текущее значение политропного КПД ЦБН, пересчитанное к номинальному расходу</Name>
              <Description>Текущее значение политропного КПД ЦБН, пересчитанное к номинальному расходу</Description>
              <ChartType>Point</ChartType>
              <Width>2</Width>
              <strLineColor>LimeGreen</strLineColor>
              <DashStyle>Solid</DashStyle>
              <MarkerStep>1</MarkerStep>
              <HideEnable>true</HideEnable>
              <Marker>Circle</Marker>
              <MarkerSize>15</MarkerSize>
            </ChartSerieCfg>
          </SeriesCfgs>
          <X_Cursors>
            <ChartCursorCfg>
              <X>5.32524719174768</X>
              <strLineColor>LightSkyBlue</strLineColor>
              <Width>0.001</Width>
              <Text>Номинальный расход</Text>
              <ToolTip />
              <DashStyle>Dot</DashStyle>
            </ChartCursorCfg>
          </X_Cursors>
          <Y_Cursors />
          <MinX>4.75</MinX>
          <MaxX>6.75</MaxX>
          <MinY>0.6</MinY>
          <MaxY>1.2</MaxY>
          <AxisX_Name>η Приведенный расход м³/с</AxisX_Name>
          <AxisY_Name>Политропный КПД</AxisY_Name>
          <AxisY2_Name>Распределение режимов работы ЦБН</AxisY2_Name>
          <GridWidth>1</GridWidth>
        </ChartXY>
        <ChartTimeY>
          <Name>Зависимость КТС ЦБН от времени</Name>
          <HideMessage>Зависимость КТС ЦБН от времени</HideMessage>
          <SeriesCfgs>
            <ChartSerieCfg>
              <Name>Зависимость КТС ЦБН от времени</Name>
              <Description>Здесь может быть кокое-то описание бля-бля-бля!</Description>
              <ChartType>Spline</ChartType>
              <Width>2</Width>
              <strLineColor>LimeGreen</strLineColor>
              <DashStyle>Solid</DashStyle>
              <MarkerStep>1</MarkerStep>
              <HideEnable>true</HideEnable>
              <Marker>None</Marker>
              <MarkerSize>1</MarkerSize>
            </ChartSerieCfg>
          </SeriesCfgs>
          <X_Cursors />
          <Y_Cursors>
            <ChartCursorCfg>
              <X>0.95</X>
              <strLineColor>Red</strLineColor>
              <Width>0.001</Width>
              <Text>Допустимое нормативное значение КТС ЦБН</Text>
              <ToolTip />
              <DashStyle>Dot</DashStyle>
            </ChartCursorCfg>
          </Y_Cursors>
          <MinX>-1</MinX>
          <MaxX>-1</MaxX>
          <MinY>0.8</MinY>
          <MaxY>1.1</MaxY>
          <AxisX_Name />
          <AxisY_Name>Значение КТС</AxisY_Name>
          <GridWidth>1</GridWidth>
        </ChartTimeY>
        <TimeChartEnabled>true</TimeChartEnabled>
        <TimeChartName>КТС ЦБН</TimeChartName>
        <DrawModule>
          <Update_Rate>300000</Update_Rate>
          <Name>UpdateDrawModule КТС ЦБН</Name>
          <XY_Inputs>
            <TrendsDrawData_Cfg>
              <InputIndex>500</InputIndex>
              <OutputIndex>3</OutputIndex>
            </TrendsDrawData_Cfg>
            <TrendsDrawData_Cfg>
              <InputIndex>200</InputIndex>
              <OutputIndex>0</OutputIndex>
              <AutoAdd>false</AutoAdd>
            </TrendsDrawData_Cfg>
          </XY_Inputs>
          <Time_Inputs>
            <TrendsDrawData_Cfg>
              <InputIndex>37</InputIndex>
              <OutputIndex>0</OutputIndex>
            </TrendsDrawData_Cfg>
          </Time_Inputs>
          <XY_Input_Points>
            <TrendsDrawData_Cfg>
              <InputIndex>502</InputIndex>
              <OutputIndex>4</OutputIndex>
            </TrendsDrawData_Cfg>
            <TrendsDrawData_Cfg>
              <InputIndex>505</InputIndex>
              <OutputIndex>5</OutputIndex>
            </TrendsDrawData_Cfg>
            <TrendsDrawData_Cfg>
              <InputIndex>506</InputIndex>
              <OutputIndex>6</OutputIndex>
            </TrendsDrawData_Cfg>
          </XY_Input_Points>
          <Time_Input_Points />
          <Time_Fixed />
          <XY_Fixed>
            <ArrayXYData_Cfg>
              <OutputIndex>1</OutputIndex>
              <Data>
                <XY_Point>
                  <x>4.75</x>
                  <y>0.837988307711052</y>
                </XY_Point>
                <XY_Point>
                  <x>5.25</x>
                  <y>0.84477642795540586</y>
                </XY_Point>
                <XY_Point>
                  <x>5.75</x>
                  <y>0.84092610661897593</y>
                </XY_Point>
                <XY_Point>
                  <x>6.25</x>
                  <y>0.824372326019875</y>
                </XY_Point>
                <XY_Point>
                  <x>6.75</x>
                  <y>0.791151090412879</y>
                </XY_Point>
                <XY_Point>
                  <x>7.25</x>
                  <y>0.73412389240712861</y>
                </XY_Point>
              </Data>
            </ArrayXYData_Cfg>
            <ArrayXYData_Cfg>
              <OutputIndex>2</OutputIndex>
              <Data>
                <XY_Point>
                  <x>4.75</x>
                  <y>0.79574352379121538</y>
                </XY_Point>
                <XY_Point>
                  <x>5.25</x>
                  <y>0.8025316440355692</y>
                </XY_Point>
                <XY_Point>
                  <x>5.75</x>
                  <y>0.79868132269913927</y>
                </XY_Point>
                <XY_Point>
                  <x>6.25</x>
                  <y>0.78212754210003832</y>
                </XY_Point>
                <XY_Point>
                  <x>6.75</x>
                  <y>0.74890630649304235</y>
                </XY_Point>
                <XY_Point>
                  <x>7.25</x>
                  <y>0.691879108487292</y>
                </XY_Point>
              </Data>
            </ArrayXYData_Cfg>
          </XY_Fixed>
        </DrawModule>
      </PD_TabPage_Cfg>
      <PD_TabPage_Cfg>
        <Name>КТС ГТУ по мощности (t)</Name>
        <ChartXY>
          <Name>noname</Name>
          <HideMessage>Отображать график ...</HideMessage>
          <SeriesCfgs>
            <ChartSerieCfg>
              <Name>Заводская характеристика</Name>
              <Description>Заводское значение распределения температуры за турбиной</Description>
              <ChartType>Spline</ChartType>
              <Width>3</Width>
              <strLineColor>Blue</strLineColor>
              <DashStyle>Solid</DashStyle>
              <MarkerStep>1</MarkerStep>
              <HideEnable>true</HideEnable>
              <Marker>None</Marker>
              <MarkerSize>1</MarkerSize>
            </ChartSerieCfg>
            <ChartSerieCfg>
              <Name>Допускаемое нормативное значение мощности на муфте</Name>
              <Description>Минимально допустимые значения приведенной мощности</Description>
              <ChartType>Spline</ChartType>
              <Width>1</Width>
              <strLineColor>Red</strLineColor>
              <DashStyle>Dot</DashStyle>
              <MarkerStep>1</MarkerStep>
              <HideEnable>true</HideEnable>
              <Marker>None</Marker>
              <MarkerSize>1</MarkerSize>
            </ChartSerieCfg>
            <ChartSerieCfg>
              <Name>Предшествующие приведенные значения мощности на муфте</Name>
              <Description>Фактический политропный КПД</Description>
              <ChartType>Point</ChartType>
              <Width>3</Width>
              <strLineColor>Gray</strLineColor>
              <DashStyle>Solid</DashStyle>
              <MarkerStep>1</MarkerStep>
              <HideEnable>true</HideEnable>
              <Marker>None</Marker>
              <MarkerSize>3</MarkerSize>
            </ChartSerieCfg>
            <ChartSerieCfg>
              <Name>Текущее приведенные значения мощности на муфте</Name>
              <Description>Текущее расчитанное значение мощности при текущей температуре</Description>
              <ChartType>Point</ChartType>
              <Width>1</Width>
              <strLineColor>LimeGreen</strLineColor>
              <DashStyle>Solid</DashStyle>
              <MarkerStep>1</MarkerStep>
              <HideEnable>true</HideEnable>
              <Marker>Cross</Marker>
              <MarkerSize>15</MarkerSize>
            </ChartSerieCfg>
            <ChartSerieCfg>
              <Name>Текущее приведенные значения мощности на муфте, пересчитанное к номинальной температуре</Name>
              <Description>Расчет мощности по КТС ГТУ по мощности (точка A)</Description>
              <ChartType>Point</ChartType>
              <Width>1</Width>
              <strLineColor>Green</strLineColor>
              <DashStyle>Solid</DashStyle>
              <MarkerStep>1</MarkerStep>
              <HideEnable>true</HideEnable>
              <Marker>Circle</Marker>
              <MarkerSize>15</MarkerSize>
            </ChartSerieCfg>
            <ChartSerieCfg>
              <Name>Номинальное значение мощности на муфте</Name>
              <Description>Номинальное значение мощности</Description>
              <ChartType>Point</ChartType>
              <Width>1</Width>
              <strLineColor>Blue</strLineColor>
              <DashStyle>Solid</DashStyle>
              <MarkerStep>1</MarkerStep>
              <HideEnable>true</HideEnable>
              <Marker>Circle</Marker>
              <MarkerSize>15</MarkerSize>
            </ChartSerieCfg>
          </SeriesCfgs>
          <X_Cursors />
          <Y_Cursors />
          <MinX>526.85</MinX>
          <MaxX>726.85</MaxX>
          <MinY>6</MinY>
          <MaxY>20</MaxY>
          <AxisX_Name>Приведенная температура за турбиной, С</AxisX_Name>
          <AxisY_Name>Приведенная мощщность, МВт</AxisY_Name>
          <GridWidth>1</GridWidth>
        </ChartXY>
        <ChartTimeY>
          <Name>КТС ГТУ по мощности (t) от времени</Name>
          <HideMessage>КТС ГТУ по мощности (t) от времени</HideMessage>
          <SeriesCfgs>
            <ChartSerieCfg>
              <Name>КТС ГТУ по мощности (от t)</Name>
              <Description>Здесь может быть кокое-то описание бля-бля-бля!</Description>
              <ChartType>Spline</ChartType>
              <Width>2</Width>
              <strLineColor>LimeGreen</strLineColor>
              <DashStyle>Solid</DashStyle>
              <MarkerStep>1</MarkerStep>
              <HideEnable>true</HideEnable>
              <Marker>None</Marker>
              <MarkerSize>1</MarkerSize>
            </ChartSerieCfg>
          </SeriesCfgs>
          <X_Cursors />
          <Y_Cursors>
            <ChartCursorCfg>
              <X>0.9</X>
              <strLineColor>Red</strLineColor>
              <Width>0.001</Width>
              <Text>Допустимое нормативное значение КТС ГПУ по мощности</Text>
              <ToolTip />
              <DashStyle>Dot</DashStyle>
            </ChartCursorCfg>
          </Y_Cursors>
          <MinX>-1</MinX>
          <MaxX>-1</MaxX>
          <MinY>0.8</MinY>
          <MaxY>1.1</MaxY>
          <AxisX_Name />
          <AxisY_Name>Значение КТС</AxisY_Name>
          <GridWidth>1</GridWidth>
        </ChartTimeY>
        <TimeChartEnabled>true</TimeChartEnabled>
        <TimeChartName>КТС ГТУ по мощности (t)</TimeChartName>
        <DrawModule>
          <Update_Rate>300000</Update_Rate>
          <Name>noname</Name>
          <XY_Inputs>
            <TrendsDrawData_Cfg>
              <InputIndex>102</InputIndex>
              <OutputIndex>2</OutputIndex>
            </TrendsDrawData_Cfg>
          </XY_Inputs>
          <Time_Inputs>
            <TrendsDrawData_Cfg>
              <InputIndex>38</InputIndex>
              <OutputIndex>0</OutputIndex>
            </TrendsDrawData_Cfg>
          </Time_Inputs>
          <XY_Input_Points>
            <TrendsDrawData_Cfg>
              <InputIndex>102</InputIndex>
              <OutputIndex>3</OutputIndex>
            </TrendsDrawData_Cfg>
            <TrendsDrawData_Cfg>
              <InputIndex>103</InputIndex>
              <OutputIndex>4</OutputIndex>
            </TrendsDrawData_Cfg>
            <TrendsDrawData_Cfg>
              <InputIndex>203</InputIndex>
              <OutputIndex>5</OutputIndex>
            </TrendsDrawData_Cfg>
          </XY_Input_Points>
          <Time_Input_Points />
          <Time_Fixed />
          <XY_Fixed>
            <ArrayXYData_Cfg>
              <OutputIndex>0</OutputIndex>
              <Data>
                <XY_Point>
                  <x>526.85</x>
                  <y>8.385698237181149</y>
                </XY_Point>
                <XY_Point>
                  <x>566.85</x>
                  <y>10.520877314917147</y>
                </XY_Point>
                <XY_Point>
                  <x>606.85</x>
                  <y>12.83647201505315</y>
                </XY_Point>
                <XY_Point>
                  <x>646.85</x>
                  <y>15.332482337589148</y>
                </XY_Point>
                <XY_Point>
                  <x>686.85</x>
                  <y>18.008908282525152</y>
                </XY_Point>
                <XY_Point>
                  <x>726.85</x>
                  <y>20.865749849861146</y>
                </XY_Point>
              </Data>
            </ArrayXYData_Cfg>
            <ArrayXYData_Cfg>
              <OutputIndex>1</OutputIndex>
              <Data>
                <XY_Point>
                  <x>526.85</x>
                  <y>6.7872307512588339</y>
                </XY_Point>
                <XY_Point>
                  <x>566.85</x>
                  <y>8.9224098289948319</y>
                </XY_Point>
                <XY_Point>
                  <x>606.85</x>
                  <y>11.238004529130835</y>
                </XY_Point>
                <XY_Point>
                  <x>646.85</x>
                  <y>13.734014851666833</y>
                </XY_Point>
                <XY_Point>
                  <x>686.85</x>
                  <y>16.410440796602838</y>
                </XY_Point>
                <XY_Point>
                  <x>726.85</x>
                  <y>19.267282363938833</y>
                </XY_Point>
              </Data>
            </ArrayXYData_Cfg>
          </XY_Fixed>
        </DrawModule>
      </PD_TabPage_Cfg>
      <PD_TabPage_Cfg>
        <Name>КТС ГТУ по мощности (n)</Name>
        <ChartXY>
          <Name>noname</Name>
          <HideMessage>Отображать график ...</HideMessage>
          <SeriesCfgs>
            <ChartSerieCfg>
              <Name>Заводская характеристика</Name>
              <Description>Заводское значение распределения температуры за турбиной</Description>
              <ChartType>Spline</ChartType>
              <Width>3</Width>
              <strLineColor>Blue</strLineColor>
              <DashStyle>Solid</DashStyle>
              <MarkerStep>1</MarkerStep>
              <HideEnable>true</HideEnable>
              <Marker>None</Marker>
              <MarkerSize>1</MarkerSize>
            </ChartSerieCfg>
            <ChartSerieCfg>
              <Name>Допустимое нормативное значение мощности на муфте</Name>
              <Description>Заводское значение распределения температуры за турбиной</Description>
              <ChartType>Spline</ChartType>
              <Width>1</Width>
              <strLineColor>Red</strLineColor>
              <DashStyle>Dot</DashStyle>
              <MarkerStep>1</MarkerStep>
              <HideEnable>true</HideEnable>
              <Marker>None</Marker>
              <MarkerSize>1</MarkerSize>
            </ChartSerieCfg>
            <ChartSerieCfg>
              <Name>Предшествующие приведенные значения на муфте</Name>
              <Description>Фактический политропный КПД</Description>
              <ChartType>Point</ChartType>
              <Width>3</Width>
              <strLineColor>Gray</strLineColor>
              <DashStyle>Solid</DashStyle>
              <MarkerStep>1</MarkerStep>
              <HideEnable>true</HideEnable>
              <Marker>None</Marker>
              <MarkerSize>3</MarkerSize>
            </ChartSerieCfg>
            <ChartSerieCfg>
              <Name>Приведенное текущее значение мощности</Name>
              <Description>Текущее расчитанное значение мощности при текущей температуре</Description>
              <ChartType>Point</ChartType>
              <Width>4</Width>
              <strLineColor>LimeGreen</strLineColor>
              <DashStyle>Solid</DashStyle>
              <MarkerStep>1</MarkerStep>
              <HideEnable>true</HideEnable>
              <Marker>Cross</Marker>
              <MarkerSize>15</MarkerSize>
            </ChartSerieCfg>
            <ChartSerieCfg>
              <Name>Текущее приведенное значение мощности на муфте, пересчитанное к номинальным оборотам</Name>
              <Description>Мощность на номинальном режиме</Description>
              <ChartType>Point</ChartType>
              <Width>4</Width>
              <strLineColor>Green</strLineColor>
              <DashStyle>Solid</DashStyle>
              <MarkerStep>1</MarkerStep>
              <HideEnable>true</HideEnable>
              <Marker>Circle</Marker>
              <MarkerSize>15</MarkerSize>
            </ChartSerieCfg>
            <ChartSerieCfg>
              <Name>Номинальное значение мощности на муфте</Name>
              <Description>Номинальное значение мощности</Description>
              <ChartType>Point</ChartType>
              <Width>4</Width>
              <strLineColor>Blue</strLineColor>
              <DashStyle>Solid</DashStyle>
              <MarkerStep>1</MarkerStep>
              <HideEnable>true</HideEnable>
              <Marker>Circle</Marker>
              <MarkerSize>15</MarkerSize>
            </ChartSerieCfg>
          </SeriesCfgs>
          <X_Cursors />
          <Y_Cursors />
          <MinX>8200</MinX>
          <MaxX>9000</MaxX>
          <MinY>5</MinY>
          <MaxY>20</MaxY>
          <AxisX_Name>Приведенные обороты ТВД, об/мин</AxisX_Name>
          <AxisY_Name>Приведенная мощность, МВт</AxisY_Name>
          <GridWidth>1</GridWidth>
        </ChartXY>
        <ChartTimeY>
          <Name>Зависимость КТС ГТУ по мощности (N) от времени</Name>
          <HideMessage>Зависимость КТС ГТУ по мощности (N) от времени</HideMessage>
          <SeriesCfgs>
            <ChartSerieCfg>
              <Name>Зависимость КТС ГТУ по мощности (N) от времени</Name>
              <Description>Здесь может быть кокое-то описание бля-бля-бля!</Description>
              <ChartType>Spline</ChartType>
              <Width>2</Width>
              <strLineColor>LimeGreen</strLineColor>
              <DashStyle>Solid</DashStyle>
              <MarkerStep>1</MarkerStep>
              <HideEnable>true</HideEnable>
              <Marker>None</Marker>
              <MarkerSize>1</MarkerSize>
            </ChartSerieCfg>
          </SeriesCfgs>
          <X_Cursors />
          <Y_Cursors>
            <ChartCursorCfg>
              <X>0.9</X>
              <strLineColor>Red</strLineColor>
              <Width>0.001</Width>
              <Text>Допустимое нлрмативное значение КТС ГТУ по мощности</Text>
              <ToolTip />
              <DashStyle>Dot</DashStyle>
            </ChartCursorCfg>
          </Y_Cursors>
          <MinX>-1</MinX>
          <MaxX>-1</MaxX>
          <MinY>0.8</MinY>
          <MaxY>1.1</MaxY>
          <AxisX_Name />
          <AxisY_Name>Значение КТС</AxisY_Name>
          <GridWidth>1</GridWidth>
        </ChartTimeY>
        <TimeChartEnabled>true</TimeChartEnabled>
        <TimeChartName>КТС ГТУ по мощности (n)</TimeChartName>
        <DrawModule>
          <Update_Rate>300000</Update_Rate>
          <Name>noname</Name>
          <XY_Inputs>
            <TrendsDrawData_Cfg>
              <InputIndex>104</InputIndex>
              <OutputIndex>2</OutputIndex>
            </TrendsDrawData_Cfg>
          </XY_Inputs>
          <Time_Inputs>
            <TrendsDrawData_Cfg>
              <InputIndex>39</InputIndex>
              <OutputIndex>0</OutputIndex>
            </TrendsDrawData_Cfg>
          </Time_Inputs>
          <XY_Input_Points>
            <TrendsDrawData_Cfg>
              <InputIndex>104</InputIndex>
              <OutputIndex>3</OutputIndex>
            </TrendsDrawData_Cfg>
            <TrendsDrawData_Cfg>
              <InputIndex>105</InputIndex>
              <OutputIndex>4</OutputIndex>
            </TrendsDrawData_Cfg>
            <TrendsDrawData_Cfg>
              <InputIndex>106</InputIndex>
              <OutputIndex>5</OutputIndex>
            </TrendsDrawData_Cfg>
          </XY_Input_Points>
          <Time_Input_Points />
          <XY_Fixed>
            <ArrayXYData_Cfg>
              <OutputIndex>0</OutputIndex>
              <Data>
                <XY_Point>
                  <x>8200</x>
                  <y>7.8201918879999823</y>
                </XY_Point>
                <XY_Point>
                  <x>8360</x>
                  <y>9.445228827520026</y>
                </XY_Point>
                <XY_Point>
                  <x>8520</x>
                  <y>11.25562454848</y>
                </XY_Point>
                <XY_Point>
                  <x>8680</x>
                  <y>13.251379050879962</y>
                </XY_Point>
                <XY_Point>
                  <x>8840</x>
                  <y>15.432492334719996</y>
                </XY_Point>
                <XY_Point>
                  <x>9000</x>
                  <y>17.798964399999988</y>
                </XY_Point>
              </Data>
            </ArrayXYData_Cfg>
            <ArrayXYData_Cfg>
              <OutputIndex>1</OutputIndex>
              <Data>
                <XY_Point>
                  <x>8200</x>
                  <y>6.219518591471985</y>
                </XY_Point>
                <XY_Point>
                  <x>8360</x>
                  <y>7.8445555309920287</y>
                </XY_Point>
                <XY_Point>
                  <x>8520</x>
                  <y>9.6549512519520029</y>
                </XY_Point>
                <XY_Point>
                  <x>8680</x>
                  <y>11.650705754351964</y>
                </XY_Point>
                <XY_Point>
                  <x>8840</x>
                  <y>13.831819038191998</y>
                </XY_Point>
                <XY_Point>
                  <x>9000</x>
                  <y>16.198291103471991</y>
                </XY_Point>
              </Data>
            </ArrayXYData_Cfg>
          </XY_Fixed>
          <Time_Fixed />
        </DrawModule>
      </PD_TabPage_Cfg>
      <PD_TabPage_Cfg>
        <Name>КТС ГТУ по расходу топливного газа</Name>
        <ChartXY>
          <Name>noname</Name>
          <HideMessage>Отображать график ...</HideMessage>
          <SeriesCfgs>
            <ChartSerieCfg>
              <Name>Заводская характеристика</Name>
              <Description>Заводское значение распределения температуры за турбиной</Description>
              <ChartType>Spline</ChartType>
              <Width>3</Width>
              <strLineColor>Blue</strLineColor>
              <DashStyle>Solid</DashStyle>
              <MarkerStep>1</MarkerStep>
              <HideEnable>true</HideEnable>
              <Marker>None</Marker>
              <MarkerSize>1</MarkerSize>
            </ChartSerieCfg>
            <ChartSerieCfg>
              <Name>Допустимое нормативное значение расхода топливного газа</Name>
              <Description>Наминольное значение распределения температуры за турбиной</Description>
              <ChartType>Spline</ChartType>
              <Width>1</Width>
              <strLineColor>Red</strLineColor>
              <DashStyle>Dot</DashStyle>
              <MarkerStep>1</MarkerStep>
              <HideEnable>true</HideEnable>
              <Marker>None</Marker>
              <MarkerSize>1</MarkerSize>
            </ChartSerieCfg>
            <ChartSerieCfg>
              <Name>Предыдущие приведенные значения расхода топливного газа</Name>
              <Description>Фактический политропный КПД</Description>
              <ChartType>Point</ChartType>
              <Width>3</Width>
              <strLineColor>Gray</strLineColor>
              <DashStyle>Solid</DashStyle>
              <MarkerStep>1</MarkerStep>
              <HideEnable>true</HideEnable>
              <Marker>None</Marker>
              <MarkerSize>3</MarkerSize>
            </ChartSerieCfg>
            <ChartSerieCfg>
              <Name>Текущее приведенное значение расхода топливного газа</Name>
              <Description>Текущее расчитанное значение мощности при текущей температуре</Description>
              <ChartType>Point</ChartType>
              <Width>4</Width>
              <strLineColor>LimeGreen</strLineColor>
              <DashStyle>Solid</DashStyle>
              <MarkerStep>1</MarkerStep>
              <HideEnable>true</HideEnable>
              <Marker>Cross</Marker>
              <MarkerSize>15</MarkerSize>
            </ChartSerieCfg>
            <ChartSerieCfg>
              <Name>Текущее приведенное значение расхода топливного газа, пересчитанное к номинальной мощности</Name>
              <Description>Расход газа на номинальном режиме</Description>
              <ChartType>Point</ChartType>
              <Width>4</Width>
              <strLineColor>Green</strLineColor>
              <DashStyle>Solid</DashStyle>
              <MarkerStep>1</MarkerStep>
              <HideEnable>true</HideEnable>
              <Marker>Circle</Marker>
              <MarkerSize>15</MarkerSize>
            </ChartSerieCfg>
            <ChartSerieCfg>
              <Name>Номинальное значение расхода топливного газа</Name>
              <Description>Номинальный расход газа</Description>
              <ChartType>Point</ChartType>
              <Width>4</Width>
              <strLineColor>Blue</strLineColor>
              <DashStyle>Solid</DashStyle>
              <MarkerStep>1</MarkerStep>
              <HideEnable>true</HideEnable>
              <Marker>Circle</Marker>
              <MarkerSize>15</MarkerSize>
            </ChartSerieCfg>
          </SeriesCfgs>
          <X_Cursors />
          <Y_Cursors />
          <MinX>6.5</MinX>
          <MaxX>16.5</MaxX>
          <MinY>0.5</MinY>
          <MaxY>1.1</MaxY>
          <AxisX_Name>Приведенная мощность, МВт</AxisX_Name>
          <AxisY_Name>Приведенный расход топливного газа, кг/сек</AxisY_Name>
          <GridWidth>1</GridWidth>
        </ChartXY>
        <ChartTimeY>
          <Name>КТС ГТУ по расходу топливного газа</Name>
          <HideMessage>КТС ГТУ по расходу топливного газа</HideMessage>
          <SeriesCfgs>
            <ChartSerieCfg>
              <Name>КТС ГТУ по топливу</Name>
              <Description>Здесь может быть кокое-то описание бля-бля-бля!</Description>
              <ChartType>Spline</ChartType>
              <Width>2</Width>
              <strLineColor>LimeGreen</strLineColor>
              <DashStyle>Solid</DashStyle>
              <MarkerStep>1</MarkerStep>
              <HideEnable>true</HideEnable>
              <Marker>None</Marker>
              <MarkerSize>1</MarkerSize>
            </ChartSerieCfg>
          </SeriesCfgs>
          <X_Cursors />
          <Y_Cursors>
            <ChartCursorCfg>
              <X>0.9</X>
              <strLineColor>Red</strLineColor>
              <Width>0.001</Width>
              <Text>Допустимое нормативное значение КТС ГТУ по расходу топливного газа</Text>
              <ToolTip />
              <DashStyle>Dot</DashStyle>
            </ChartCursorCfg>
          </Y_Cursors>
          <MinX>-1</MinX>
          <MaxX>-1</MaxX>
          <MinY>0.8</MinY>
          <MaxY>1.1</MaxY>
          <AxisX_Name />
          <AxisY_Name>Значение КТС</AxisY_Name>
          <GridWidth>1</GridWidth>
        </ChartTimeY>
        <TimeChartEnabled>true</TimeChartEnabled>
        <TimeChartName>КТС ГТУ по расходу топливного газа</TimeChartName>
        <DrawModule>
          <Update_Rate>300000</Update_Rate>
          <Name>noname</Name>
          <XY_Inputs>
            <TrendsDrawData_Cfg>
              <InputIndex>110</InputIndex>
              <OutputIndex>2</OutputIndex>
            </TrendsDrawData_Cfg>
          </XY_Inputs>
          <Time_Inputs>
            <TrendsDrawData_Cfg>
              <InputIndex>28</InputIndex>
              <OutputIndex>0</OutputIndex>
            </TrendsDrawData_Cfg>
          </Time_Inputs>
          <XY_Input_Points>
            <TrendsDrawData_Cfg>
              <InputIndex>110</InputIndex>
              <OutputIndex>3</OutputIndex>
            </TrendsDrawData_Cfg>
            <TrendsDrawData_Cfg>
              <InputIndex>111</InputIndex>
              <OutputIndex>4</OutputIndex>
            </TrendsDrawData_Cfg>
            <TrendsDrawData_Cfg>
              <InputIndex>112</InputIndex>
              <OutputIndex>5</OutputIndex>
            </TrendsDrawData_Cfg>
          </XY_Input_Points>
          <Time_Input_Points />
          <Time_Fixed />
          <XY_Fixed>
            <ArrayXYData_Cfg>
              <OutputIndex>0</OutputIndex>
              <Data>
                <XY_Point>
                  <x>6.5</x>
                  <y>0.56074527479166669</y>
                </XY_Point>
                <XY_Point>
                  <x>8.5</x>
                  <y>0.6437309662916666</y>
                </XY_Point>
                <XY_Point>
                  <x>10.5</x>
                  <y>0.72671665779166661</y>
                </XY_Point>
                <XY_Point>
                  <x>12.5</x>
                  <y>0.80970234929166662</y>
                </XY_Point>
                <XY_Point>
                  <x>14.5</x>
                  <y>0.89268804079166664</y>
                </XY_Point>
                <XY_Point>
                  <x>16.5</x>
                  <y>0.97567373229166665</y>
                </XY_Point>
              </Data>
            </ArrayXYData_Cfg>
            <ArrayXYData_Cfg>
              <OutputIndex>1</OutputIndex>
              <Data>
                <XY_Point>
                  <x>6.5</x>
                  <y>0.6084916402625</y>
                </XY_Point>
                <XY_Point>
                  <x>8.5</x>
                  <y>0.69147733176249992</y>
                </XY_Point>
                <XY_Point>
                  <x>10.5</x>
                  <y>0.77446302326249994</y>
                </XY_Point>
                <XY_Point>
                  <x>12.5</x>
                  <y>0.8574487147625</y>
                </XY_Point>
                <XY_Point>
                  <x>14.5</x>
                  <y>0.9404344062625</y>
                </XY_Point>
                <XY_Point>
                  <x>16.5</x>
                  <y>1.0234200977625</y>
                </XY_Point>
              </Data>
            </ArrayXYData_Cfg>
          </XY_Fixed>
        </DrawModule>
      </PD_TabPage_Cfg>
      <PD_TabPage_Cfg>
        <Name>Отклонение температуры газов за ТНД</Name>
        <ChartXY>
          <Name>noname</Name>
          <HideMessage>Отображать график ...</HideMessage>
          <SeriesCfgs>
            <ChartSerieCfg>
              <Name>Гистограмма режимов работы ГТУ</Name>
              <Description>Здесь может быть кокое-то описание бля-бля-бля!</Description>
              <ChartType>Column</ChartType>
              <Width>2</Width>
              <strLineColor>LightBlue</strLineColor>
              <DashStyle>Solid</DashStyle>
              <MarkerStep>2</MarkerStep>
              <HideEnable>true</HideEnable>
              <Marker>None</Marker>
              <MarkerSize>1</MarkerSize>
            </ChartSerieCfg>
            <ChartSerieCfg>
              <Name>Заводская характеристика</Name>
              <Description>Заводское значение распределения температуры за турбиной</Description>
              <ChartType>Spline</ChartType>
              <Width>3</Width>
              <strLineColor>Blue</strLineColor>
              <DashStyle>Solid</DashStyle>
              <MarkerStep>1</MarkerStep>
              <HideEnable>true</HideEnable>
              <Marker>None</Marker>
              <MarkerSize>1</MarkerSize>
            </ChartSerieCfg>
            <ChartSerieCfg>
              <Name>Максимально допустимое значение</Name>
              <Description>Заводское значение распределения температуры за турбиной</Description>
              <ChartType>Spline</ChartType>
              <Width>1</Width>
              <strLineColor>Red</strLineColor>
              <DashStyle>Solid</DashStyle>
              <MarkerStep>1</MarkerStep>
              <HideEnable>true</HideEnable>
              <Marker>None</Marker>
              <MarkerSize>1</MarkerSize>
            </ChartSerieCfg>
            <ChartSerieCfg>
              <Name>Минимально допустимое значение</Name>
              <Description>Заводское значение распределения температуры за турбиной</Description>
              <ChartType>Spline</ChartType>
              <Width>1</Width>
              <strLineColor>Red</strLineColor>
              <DashStyle>Solid</DashStyle>
              <MarkerStep>1</MarkerStep>
              <HideEnable>true</HideEnable>
              <Marker>None</Marker>
              <MarkerSize>1</MarkerSize>
            </ChartSerieCfg>
            <ChartSerieCfg>
              <Name>Предыдущие значения температуры за ТНД</Name>
              <Description>Предыдущие значения температуры за ТНД</Description>
              <ChartType>Point</ChartType>
              <Width>3</Width>
              <strLineColor>Gray</strLineColor>
              <DashStyle>Solid</DashStyle>
              <MarkerStep>1</MarkerStep>
              <HideEnable>true</HideEnable>
              <Marker>None</Marker>
              <MarkerSize>3</MarkerSize>
            </ChartSerieCfg>
            <ChartSerieCfg>
              <Name>Текущее отклонение температуры за ТНД</Name>
              <Description>Текущее расчитанное значение мощности при текущей температуре</Description>
              <ChartType>Point</ChartType>
              <Width>4</Width>
              <strLineColor>LimeGreen</strLineColor>
              <DashStyle>Solid</DashStyle>
              <MarkerStep>1</MarkerStep>
              <HideEnable>true</HideEnable>
              <Marker>Cross</Marker>
              <MarkerSize>15</MarkerSize>
            </ChartSerieCfg>
          </SeriesCfgs>
          <X_Cursors />
          <Y_Cursors />
          <MinX>7700</MinX>
          <MaxX>9000</MaxX>
          <MinY>350</MinY>
          <MaxY>800</MaxY>
          <AxisX_Name>Обороты ТВД, об/мин</AxisX_Name>
          <AxisY_Name>Температура газов за ТНД, С</AxisY_Name>
          <AxisY2_Name>Распределение температуры</AxisY2_Name>
          <GridWidth>1</GridWidth>
        </ChartXY>
        <ChartTimeY>
          <Name>Отклонение температуры газов за ТНД</Name>
          <HideMessage>Отклонение температуры газов за ТНД</HideMessage>
          <SeriesCfgs>
            <ChartSerieCfg>
              <Name>КТС ГТУ по топливу</Name>
              <Description>Здесь может быть кокое-то описание бля-бля-бля!</Description>
              <ChartType>Spline</ChartType>
              <Width>2</Width>
              <strLineColor>LimeGreen</strLineColor>
              <DashStyle>Solid</DashStyle>
              <MarkerStep>1</MarkerStep>
              <HideEnable>true</HideEnable>
              <Marker>None</Marker>
              <MarkerSize>1</MarkerSize>
            </ChartSerieCfg>
          </SeriesCfgs>
          <X_Cursors />
          <Y_Cursors>
            <ChartCursorCfg>
              <X>25</X>
              <strLineColor>Red</strLineColor>
              <Width>0.001</Width>
              <Text>Верхнее допустимое отклонение температуры</Text>
              <ToolTip />
              <DashStyle>Dot</DashStyle>
            </ChartCursorCfg>
            <ChartCursorCfg>
              <X>-25</X>
              <strLineColor>Red</strLineColor>
              <Width>0.001</Width>
              <Text>Нижнее допустимое отклонение температуры</Text>
              <ToolTip />
              <DashStyle>Dot</DashStyle>
            </ChartCursorCfg>
          </Y_Cursors>
          <MinX>-1</MinX>
          <MaxX>-1</MaxX>
          <MinY>-40</MinY>
          <MaxY>40</MaxY>
          <AxisX_Name />
          <AxisY_Name>Отклонение температуры, C</AxisY_Name>
          <GridWidth>1</GridWidth>
        </ChartTimeY>
        <TimeChartEnabled>true</TimeChartEnabled>
        <TimeChartName>Отклонение температуры газов за ТНД</TimeChartName>
        <DrawModule>
          <Update_Rate>300000</Update_Rate>
          <Name>noname</Name>
          <XY_Inputs>
            <TrendsDrawData_Cfg>
              <InputIndex>201</InputIndex>
              <OutputIndex>0</OutputIndex>
              <AutoAdd>false</AutoAdd>
            </TrendsDrawData_Cfg>
            <TrendsDrawData_Cfg>
              <InputIndex>107</InputIndex>
              <OutputIndex>4</OutputIndex>
              <AutoAdd>false</AutoAdd>
            </TrendsDrawData_Cfg>
          </XY_Inputs>
          <Time_Inputs>
            <TrendsDrawData_Cfg>
              <InputIndex>41</InputIndex>
              <OutputIndex>0</OutputIndex>
            </TrendsDrawData_Cfg>
          </Time_Inputs>
          <XY_Input_Points>
            <TrendsDrawData_Cfg>
              <InputIndex>107</InputIndex>
              <OutputIndex>5</OutputIndex>
            </TrendsDrawData_Cfg>
          </XY_Input_Points>
          <Time_Input_Points />
          <Time_Fixed />
          <XY_Fixed>
            <ArrayXYData_Cfg>
              <OutputIndex>1</OutputIndex>
              <Data>
                <XY_Point>
                  <x>7700</x>
                  <y>432.4276805139998</y>
                </XY_Point>
                <XY_Point>
                  <x>7960</x>
                  <y>472.32143063776039</y>
                </XY_Point>
                <XY_Point>
                  <x>8220</x>
                  <y>519.03553790824026</y>
                </XY_Point>
                <XY_Point>
                  <x>8480</x>
                  <y>572.57000232543987</y>
                </XY_Point>
                <XY_Point>
                  <x>8740</x>
                  <y>632.92482388936014</y>
                </XY_Point>
                <XY_Point>
                  <x>9000</x>
                  <y>700.100002300000015</y>
                </XY_Point>
              </Data>
            </ArrayXYData_Cfg>
            <ArrayXYData_Cfg>
              <OutputIndex>2</OutputIndex>
              <Data>
                <XY_Point>
                  <x>7700</x>
                  <y>457.4276805139998</y>
                </XY_Point>
                <XY_Point>
                  <x>7960</x>
                  <y>497.32143063776039</y>
                </XY_Point>
                <XY_Point>
                  <x>8220</x>
                  <y>544.03553790824026</y>
                </XY_Point>
                <XY_Point>
                  <x>8480</x>
                  <y>597.57000232543987</y>
                </XY_Point>
                <XY_Point>
                  <x>8740</x>
                  <y>657.92482388936014</y>
                </XY_Point>
                <XY_Point>
                  <x>9000</x>
                  <y>725.100002300000015</y>
                </XY_Point>
              </Data>
            </ArrayXYData_Cfg>
            <ArrayXYData_Cfg>
              <OutputIndex>3</OutputIndex>
              <Data>
                <XY_Point>
                  <x>7700</x>
                  <y>407.4276805139998</y>
                </XY_Point>
                <XY_Point>
                  <x>7960</x>
                  <y>447.32143063776039</y>
                </XY_Point>
                <XY_Point>
                  <x>8220</x>
                  <y>494.03553790824026</y>
                </XY_Point>
                <XY_Point>
                  <x>8480</x>
                  <y>547.57000232543987</y>
                </XY_Point>
                <XY_Point>
                  <x>8740</x>
                  <y>607.92482388936014</y>
                </XY_Point>
                <XY_Point>
                  <x>9000</x>
                  <y>675.100002300000015</y>
                </XY_Point>
              </Data>
            </ArrayXYData_Cfg>
          </XY_Fixed>
        </DrawModule>
      </PD_TabPage_Cfg>
      <PD_TabPage_Cfg>
        <Name>Скольжение частот роторов КВД и КНД</Name>
        <ChartXY>
          <Name>noname</Name>
          <HideMessage>Отображать график ...</HideMessage>
          <SeriesCfgs>
            <ChartSerieCfg>
              <Name>Гистограмма распределения скольжения частот</Name>
              <Description>Здесь может быть кокое-то описание бля-бля-бля!</Description>
              <ChartType>Column</ChartType>
              <Width>2</Width>
              <strLineColor>LightBlue</strLineColor>
              <DashStyle>Solid</DashStyle>
              <MarkerStep>2</MarkerStep>
              <HideEnable>true</HideEnable>
              <Marker>None</Marker>
              <MarkerSize>1</MarkerSize>
            </ChartSerieCfg>
            <ChartSerieCfg>
              <Name>Заводская характеристика</Name>
              <Description>Заводская характеристика</Description>
              <ChartType>Spline</ChartType>
              <Width>3</Width>
              <strLineColor>Blue</strLineColor>
              <DashStyle>Solid</DashStyle>
              <MarkerStep>1</MarkerStep>
              <HideEnable>true</HideEnable>
              <Marker>None</Marker>
              <MarkerSize>1</MarkerSize>
            </ChartSerieCfg>
            <ChartSerieCfg>
              <Name>Максимально допустимое значение</Name>
              <Description>Минимально допустимые значения приведенной мощности</Description>
              <ChartType>Spline</ChartType>
              <Width>1</Width>
              <strLineColor>Red</strLineColor>
              <DashStyle>Solid</DashStyle>
              <MarkerStep>1</MarkerStep>
              <HideEnable>true</HideEnable>
              <Marker>None</Marker>
              <MarkerSize>1</MarkerSize>
            </ChartSerieCfg>
            <ChartSerieCfg>
              <Name>Минимально допустимое значение</Name>
              <Description>Минимально допустимые значения приведенной мощности</Description>
              <ChartType>Spline</ChartType>
              <Width>1</Width>
              <strLineColor>Red</strLineColor>
              <DashStyle>Solid</DashStyle>
              <MarkerStep>1</MarkerStep>
              <HideEnable>true</HideEnable>
              <Marker>None</Marker>
              <MarkerSize>1</MarkerSize>
            </ChartSerieCfg>
            <ChartSerieCfg>
              <Name>Предшествующие приведенные значения приведенных оборотов ТНД</Name>
              <Description>Фактический политропный КПД</Description>
              <ChartType>Point</ChartType>
              <Width>3</Width>
              <strLineColor>Gray</strLineColor>
              <DashStyle>Solid</DashStyle>
              <MarkerStep>1</MarkerStep>
              <HideEnable>true</HideEnable>
              <Marker>None</Marker>
              <MarkerSize>3</MarkerSize>
            </ChartSerieCfg>
            <ChartSerieCfg>
              <Name>Текущее приведенное значение приведенных оборотов ТНД</Name>
              <Description>Расчет мощности по КТС ГТУ по мощности (точка A)</Description>
              <ChartType>Point</ChartType>
              <Width>4</Width>
              <strLineColor>LimeGreen</strLineColor>
              <DashStyle>Solid</DashStyle>
              <MarkerStep>1</MarkerStep>
              <HideEnable>true</HideEnable>
              <Marker>Cross</Marker>
              <MarkerSize>15</MarkerSize>
            </ChartSerieCfg>
          </SeriesCfgs>
          <X_Cursors />
          <Y_Cursors />
          <!--<MinX>7700</MinX>-->
          <MinX>7700</MinX>
          <MaxX>9000</MaxX>
          <MinY>5000</MinY>
          <MaxY>8000</MaxY>
          <AxisX_Name>Приведенные обороты ТВД, об/мин</AxisX_Name>
          <AxisY_Name>Приведенные обороты ТНД, об/мин</AxisY_Name>
          <AxisY2_Name>Гистограмма оборотов ТНД</AxisY2_Name>
          <GridWidth>1</GridWidth>
        </ChartXY>
        <ChartTimeY>
          <Name>Скольжение частоты ротора за ТНД</Name>
          <HideMessage>Скольжение частоты ротора за ТНД</HideMessage>
          <SeriesCfgs>
            <ChartSerieCfg>
              <Name>КТС ГТУ по топливу</Name>
              <Description>Здесь может быть кокое-то описание бля-бля-бля!</Description>
              <ChartType>Spline</ChartType>
              <Width>2</Width>
              <strLineColor>LimeGreen</strLineColor>
              <DashStyle>Solid</DashStyle>
              <MarkerStep>1</MarkerStep>
              <HideEnable>true</HideEnable>
              <Marker>None</Marker>
              <MarkerSize>1</MarkerSize>
            </ChartSerieCfg>
          </SeriesCfgs>
          <X_Cursors />
          <Y_Cursors>
            <ChartCursorCfg>
              <X>200</X>
              <strLineColor>Red</strLineColor>
              <Width>0.001</Width>
              <Text>Максимальное отклонение</Text>
              <ToolTip />
              <DashStyle>Dot</DashStyle>
            </ChartCursorCfg>
            <ChartCursorCfg>
              <X>-200</X>
              <strLineColor>Red</strLineColor>
              <Width>0.001</Width>
              <Text>Минимальное отклонение</Text>
              <ToolTip />
              <DashStyle>Dot</DashStyle>
            </ChartCursorCfg>
          </Y_Cursors>
          <MinX>-1</MinX>
          <MaxX>-1</MaxX>
          <MinY>-300</MinY>
          <MaxY>300</MaxY>
          <AxisX_Name />
          <AxisY_Name>Скольжение частоты ротора, об/мин</AxisY_Name>
          <GridWidth>1</GridWidth>
        </ChartTimeY>
        <TimeChartEnabled>true</TimeChartEnabled>
        <TimeChartName>Скольжение частот роторов КВД и КНД</TimeChartName>
        <DrawModule>
          <Update_Rate>300000</Update_Rate>
          <Name>noname</Name>
          <XY_Inputs>
            <TrendsDrawData_Cfg>
              <InputIndex>108</InputIndex>
              <OutputIndex>4</OutputIndex>
              <AutoAdd>false</AutoAdd>
            </TrendsDrawData_Cfg>
            <TrendsDrawData_Cfg>
              <InputIndex>202</InputIndex>
              <OutputIndex>0</OutputIndex>
              <AutoAdd>false</AutoAdd>
            </TrendsDrawData_Cfg>
          </XY_Inputs>
          <Time_Inputs>
            <TrendsDrawData_Cfg>
              <InputIndex>42</InputIndex>
              <OutputIndex>0</OutputIndex>
            </TrendsDrawData_Cfg>
          </Time_Inputs>
          <XY_Input_Points>
            <TrendsDrawData_Cfg>
              <InputIndex>108</InputIndex>
              <OutputIndex>5</OutputIndex>
            </TrendsDrawData_Cfg>
          </XY_Input_Points>
          <Time_Input_Points />
          <Time_Fixed />
          <XY_Fixed>
            <ArrayXYData_Cfg>
              <OutputIndex>1</OutputIndex>
              <Data>
                <XY_Point>
                  <x>7700</x>
                  <y>5407.6005136148524</y>
                </XY_Point>
                <XY_Point>
                  <x>7960</x>
                  <y>5740.2553985893974</y>
                </XY_Point>
                <XY_Point>
                  <x>8220</x>
                  <y>6040.3961938745852</y>
                </XY_Point>
                <XY_Point>
                  <x>8480</x>
                  <y>6411.4618421435807</y>
                </XY_Point>
                <XY_Point>
                  <x>8740</x>
                  <y>6857.9921123919121</y>
                </XY_Point>
                <XY_Point>
                  <x>9000</x>
                  <y>7285.62730000011349</y>
                </XY_Point>
              </Data>
            </ArrayXYData_Cfg>
            <ArrayXYData_Cfg>
              <OutputIndex>2</OutputIndex>
              <Data>
                <XY_Point>
                  <x>7700</x>
                  <y>5607.6005136148524</y>
                </XY_Point>
                <XY_Point>
                  <x>7960</x>
                  <y>5940.2553985893974</y>
                </XY_Point>
                <XY_Point>
                  <x>8220</x>
                  <y>6240.3961938745852</y>
                </XY_Point>
                <XY_Point>
                  <x>8480</x>
                  <y>6611.4618421435807</y>
                </XY_Point>
                <XY_Point>
                  <x>8740</x>
                  <y>7057.9921123919121</y>
                </XY_Point>
                <XY_Point>
                  <x>9000</x>
                  <y>7485.62730000011349</y>
                </XY_Point>
              </Data>
            </ArrayXYData_Cfg>
            <ArrayXYData_Cfg>
              <OutputIndex>3</OutputIndex>
              <Data>
                <XY_Point>
                  <x>7700</x>
                  <y>5207.6005136148524</y>
                </XY_Point>
                <XY_Point>
                  <x>7960</x>
                  <y>5540.2553985893974</y>
                </XY_Point>
                <XY_Point>
                  <x>8220</x>
                  <y>5840.3961938745852</y>
                </XY_Point>
                <XY_Point>
                  <x>8480</x>
                  <y>6211.4618421435807</y>
                </XY_Point>
                <XY_Point>
                  <x>8740</x>
                  <y>6657.9921123919121</y>
                </XY_Point>
                <XY_Point>
                  <x>9000</x>
                  <y>7085.62730000011349</y>
                </XY_Point>
              </Data>
            </ArrayXYData_Cfg>
          </XY_Fixed>
        </DrawModule>
      </PD_TabPage_Cfg>
      <PD_TabPage_Cfg>
        <Name>Давление за КВД</Name>
        <ChartXY>
          <Name>noname</Name>
          <HideMessage>Отображать график ...</HideMessage>
          <SeriesCfgs>
            <ChartSerieCfg>
              <Name>Гистограмма распределения давления за КВД</Name>
              <Description>Здесь может быть кокое-то описание бля-бля-бля!</Description>
              <ChartType>Column</ChartType>
              <Width>2</Width>
              <strLineColor>LightBlue</strLineColor>
              <DashStyle>Solid</DashStyle>
              <MarkerStep>2</MarkerStep>
              <HideEnable>true</HideEnable>
              <Marker>None</Marker>
              <MarkerSize>1</MarkerSize>
            </ChartSerieCfg>
            <ChartSerieCfg>
              <Name>Заводская характеристика</Name>
              <Description>Заводская характеристика</Description>
              <ChartType>Spline</ChartType>
              <Width>3</Width>
              <strLineColor>Blue</strLineColor>
              <DashStyle>Solid</DashStyle>
              <MarkerStep>1</MarkerStep>
              <HideEnable>true</HideEnable>
              <Marker>None</Marker>
              <MarkerSize>1</MarkerSize>
            </ChartSerieCfg>
            <ChartSerieCfg>
              <Name>Максимально допустимое значение</Name>
              <Description>Максимально допустимое значение</Description>
              <ChartType>Spline</ChartType>
              <Width>1</Width>
              <strLineColor>Red</strLineColor>
              <DashStyle>Solid</DashStyle>
              <MarkerStep>1</MarkerStep>
              <HideEnable>true</HideEnable>
              <Marker>None</Marker>
              <MarkerSize>1</MarkerSize>
            </ChartSerieCfg>
            <ChartSerieCfg>
              <Name>Минимально допустимое значение</Name>
              <Description>Минимально допустимое значение</Description>
              <ChartType>Spline</ChartType>
              <Width>1</Width>
              <strLineColor>Red</strLineColor>
              <DashStyle>Solid</DashStyle>
              <MarkerStep>1</MarkerStep>
              <HideEnable>true</HideEnable>
              <Marker>None</Marker>
              <MarkerSize>1</MarkerSize>
            </ChartSerieCfg>
            <ChartSerieCfg>
              <Name>Предыдущие значения</Name>
              <Description>Фактический политропный КПД</Description>
              <ChartType>Point</ChartType>
              <Width>3</Width>
              <strLineColor>Gray</strLineColor>
              <DashStyle>Solid</DashStyle>
              <MarkerStep>1</MarkerStep>
              <HideEnable>true</HideEnable>
              <Marker>None</Marker>
              <MarkerSize>3</MarkerSize>
            </ChartSerieCfg>
            <ChartSerieCfg>
              <Name>Текущее значение за КВД</Name>
              <Description>Текущее значение за КВД</Description>
              <ChartType>Point</ChartType>
              <Width>4</Width>
              <strLineColor>LimeGreen</strLineColor>
              <DashStyle>Solid</DashStyle>
              <MarkerStep>1</MarkerStep>
              <HideEnable>true</HideEnable>
              <Marker>Cross</Marker>
              <MarkerSize>15</MarkerSize>
            </ChartSerieCfg>
          </SeriesCfgs>
          <X_Cursors />
          <Y_Cursors />
          <MinX>7700</MinX>
          <MaxX>9000</MaxX>
          <MinY>0.5</MinY>
          <MaxY>2</MaxY>
          <AxisX_Name>Приведенные обороты ТВД, об/мин</AxisX_Name>
          <AxisY_Name>Избыточное давления воздуха за КВД, МПа</AxisY_Name>
          <GridWidth>1</GridWidth>
        </ChartXY>
        <ChartTimeY>
          <Name>Отклонение давления за КВД</Name>
          <HideMessage>Отклонение давления за КВД</HideMessage>
          <SeriesCfgs>
            <ChartSerieCfg>
              <Name>КТС ГТУ по топливу</Name>
              <Description>Здесь может быть кокое-то описание бля-бля-бля!</Description>
              <ChartType>Spline</ChartType>
              <Width>2</Width>
              <strLineColor>LimeGreen</strLineColor>
              <DashStyle>Solid</DashStyle>
              <MarkerStep>1</MarkerStep>
              <HideEnable>true</HideEnable>
              <Marker>None</Marker>
              <MarkerSize>1</MarkerSize>
            </ChartSerieCfg>
          </SeriesCfgs>
          <X_Cursors />
          <Y_Cursors>
            <ChartCursorCfg>
              <X>0.1</X>
              <strLineColor>Red</strLineColor>
              <Width>0.001</Width>
              <Text>Максимальное отклонение</Text>
              <ToolTip />
              <DashStyle>Dot</DashStyle>
            </ChartCursorCfg>
            <ChartCursorCfg>
              <X>-0.1</X>
              <strLineColor>Red</strLineColor>
              <Width>0.001</Width>
              <Text>Минимальное отклонение</Text>
              <ToolTip />
              <DashStyle>Dot</DashStyle>
            </ChartCursorCfg>
          </Y_Cursors>
          <MinX>-1</MinX>
          <MaxX>-1</MaxX>
          <MinY>-0.2</MinY>
          <MaxY>0.2</MaxY>
          <AxisX_Name />
          <AxisY_Name>Отклонение давления за КВД, МПа</AxisY_Name>
          <GridWidth>1</GridWidth>
        </ChartTimeY>
        <TimeChartEnabled>true</TimeChartEnabled>
        <TimeChartName>Отклонение давления за КВД</TimeChartName>
        <DrawModule>
          <Update_Rate>300000</Update_Rate>
          <Name>noname</Name>
          <XY_Inputs>
            <TrendsDrawData_Cfg>
              <InputIndex>109</InputIndex>
              <OutputIndex>4</OutputIndex>
            </TrendsDrawData_Cfg>
            <TrendsDrawData_Cfg>
              <InputIndex>253</InputIndex>
              <OutputIndex>0</OutputIndex>
            </TrendsDrawData_Cfg>
          </XY_Inputs>
          <Time_Inputs>
            <TrendsDrawData_Cfg>
              <InputIndex>13</InputIndex>
              <OutputIndex>0</OutputIndex>
            </TrendsDrawData_Cfg>
          </Time_Inputs>
          <XY_Input_Points>
            <TrendsDrawData_Cfg>
              <InputIndex>109</InputIndex>
              <OutputIndex>5</OutputIndex>
            </TrendsDrawData_Cfg>
          </XY_Input_Points>
          <Time_Input_Points />
          <Time_Fixed />
          <XY_Fixed>
            <ArrayXYData_Cfg>
              <OutputIndex>1</OutputIndex>
              <Data>
                <XY_Point>
                  <x>7700</x>
                  <y>0.807953100999999</y>
                </XY_Point>
                <XY_Point>
                  <x>7960</x>
                  <y>0.97062674304000041</y>
                </XY_Point>
                <XY_Point>
                  <x>8220</x>
                  <y>1.14853227396</y>
                </XY_Point>
                <XY_Point>
                  <x>8480</x>
                  <y>1.3416696937599992</y>
                </XY_Point>
                <XY_Point>
                  <x>8740</x>
                  <y>1.5500390024399993</y>
                </XY_Point>
                <XY_Point>
                  <x>9000</x>
                  <y>1.7736401999999982</y>
                </XY_Point>
              </Data>
            </ArrayXYData_Cfg>
            <ArrayXYData_Cfg>
              <OutputIndex>2</OutputIndex>
              <Data>
                <XY_Point>
                  <x>7700</x>
                  <y>0.90795310099999893</y>
                </XY_Point>
                <XY_Point>
                  <x>7960</x>
                  <y>1.0706267430400005</y>
                </XY_Point>
                <XY_Point>
                  <x>8220</x>
                  <y>1.24853227396</y>
                </XY_Point>
                <XY_Point>
                  <x>8480</x>
                  <y>1.4416696937599993</y>
                </XY_Point>
                <XY_Point>
                  <x>8740</x>
                  <y>1.6500390024399994</y>
                </XY_Point>
                <XY_Point>
                  <x>9000</x>
                  <y>1.8736401999999983</y>
                </XY_Point>
              </Data>
            </ArrayXYData_Cfg>
            <ArrayXYData_Cfg>
              <OutputIndex>3</OutputIndex>
              <Data>
                <XY_Point>
                  <x>7700</x>
                  <y>0.707953100999999</y>
                </XY_Point>
                <XY_Point>
                  <x>7960</x>
                  <y>0.87062674304000043</y>
                </XY_Point>
                <XY_Point>
                  <x>8220</x>
                  <y>1.0485322739599998</y>
                </XY_Point>
                <XY_Point>
                  <x>8480</x>
                  <y>1.2416696937599991</y>
                </XY_Point>
                <XY_Point>
                  <x>8740</x>
                  <y>1.4500390024399992</y>
                </XY_Point>
                <XY_Point>
                  <x>9000</x>
                  <y>1.6736401999999981</y>
                </XY_Point>
              </Data>
            </ArrayXYData_Cfg>
          </XY_Fixed>
        </DrawModule>
      </PD_TabPage_Cfg>
    </TabPages>
    <Group1Name>Состояние ГПА</Group1Name>
    <Group1_Cfg />
    <Group2Name>Текущие параметры энергоэффективности</Group2Name>
    <Group2_Cfg />
    <DataModule MaxArraySize="4096" BeginDate="2014-01-01 00:00:00" Read_Updaterate_in_s="60">
      <Inputs>
        <Input>
          <SCADA_Tag>R100</SCADA_Tag>
          <Array_ID>0</Array_ID>
        </Input>
        <Input>
          <SCADA_Tag>R101</SCADA_Tag>
          <Array_ID>1</Array_ID>
        </Input>
        <Input>
          <SCADA_Tag>R102</SCADA_Tag>
          <Array_ID>2</Array_ID>
        </Input>
        <Input>
          <SCADA_Tag>R103</SCADA_Tag>
          <Array_ID>3</Array_ID>
        </Input>
        <Input>
          <SCADA_Tag>R104</SCADA_Tag>
          <Array_ID>4</Array_ID>
        </Input>
        <Input>
          <SCADA_Tag>R105</SCADA_Tag>
          <Array_ID>5</Array_ID>
        </Input>
        <Input>
          <SCADA_Tag>R106</SCADA_Tag>
          <Array_ID>6</Array_ID>
        </Input>
        <Input>
          <SCADA_Tag>R107</SCADA_Tag>
          <Array_ID>7</Array_ID>
        </Input>
        <Input>
          <SCADA_Tag>R108</SCADA_Tag>
          <Array_ID>8</Array_ID>
        </Input>
        <Input>
          <SCADA_Tag>R109</SCADA_Tag>
          <Array_ID>9</Array_ID>
        </Input>
        <Input>
          <SCADA_Tag>R110</SCADA_Tag>
          <Array_ID>10</Array_ID>
        </Input>
        <Input>
          <SCADA_Tag>R111</SCADA_Tag>
          <Array_ID>11</Array_ID>
        </Input>
        <Input>
          <SCADA_Tag>R112</SCADA_Tag>
          <Array_ID>12</Array_ID>
        </Input>
        <Input>
          <SCADA_Tag>R113</SCADA_Tag>
          <Array_ID>13</Array_ID>
        </Input>
        <Input>
          <SCADA_Tag>R114</SCADA_Tag>
          <Array_ID>14</Array_ID>
        </Input>
        <Input>
          <SCADA_Tag>R115</SCADA_Tag>
          <Array_ID>15</Array_ID>
        </Input>
        <Input>
          <SCADA_Tag>R116</SCADA_Tag>
          <Array_ID>16</Array_ID>
        </Input>
        <Input>
          <SCADA_Tag>R117</SCADA_Tag>
          <Array_ID>17</Array_ID>
        </Input>
        <Input>
          <SCADA_Tag>R118</SCADA_Tag>
          <Array_ID>18</Array_ID>
        </Input>
        <Input>
          <SCADA_Tag>R119</SCADA_Tag>
          <Array_ID>19</Array_ID>
        </Input>
        <Input>
          <SCADA_Tag>R120</SCADA_Tag>
          <Array_ID>20</Array_ID>
        </Input>
        <Input>
          <SCADA_Tag>R121</SCADA_Tag>
          <Array_ID>21</Array_ID>
        </Input>
        <Input>
          <SCADA_Tag>R122</SCADA_Tag>
          <Array_ID>22</Array_ID>
        </Input>
        <Input>
          <SCADA_Tag>R123</SCADA_Tag>
          <Array_ID>23</Array_ID>
        </Input>
        <Input>
          <SCADA_Tag>R124</SCADA_Tag>
          <Array_ID>24</Array_ID>
        </Input>
        <Input>
          <SCADA_Tag>R125</SCADA_Tag>
          <Array_ID>25</Array_ID>
        </Input>
        <Input>
          <SCADA_Tag>R126</SCADA_Tag>
          <Array_ID>26</Array_ID>
        </Input>
        <Input>
          <SCADA_Tag>R127</SCADA_Tag>
          <Array_ID>27</Array_ID>
        </Input>
        <Input>
          <SCADA_Tag>R128</SCADA_Tag>
          <Array_ID>28</Array_ID>
        </Input>
        <Input>
          <SCADA_Tag>R129</SCADA_Tag>
          <Array_ID>29</Array_ID>
        </Input>
        <Input>
          <SCADA_Tag>R130</SCADA_Tag>
          <Array_ID>30</Array_ID>
        </Input>
        <Input>
          <SCADA_Tag>R131</SCADA_Tag>
          <Array_ID>31</Array_ID>
        </Input>
        <Input>
          <SCADA_Tag>R132</SCADA_Tag>
          <Array_ID>32</Array_ID>
        </Input>
        <Input>
          <SCADA_Tag>R133</SCADA_Tag>
          <Array_ID>33</Array_ID>
        </Input>
        <Input>
          <SCADA_Tag>R134</SCADA_Tag>
          <Array_ID>34</Array_ID>
        </Input>
        <Input>
          <SCADA_Tag>R135</SCADA_Tag>
          <Array_ID>35</Array_ID>
        </Input>
        <Input>
          <SCADA_Tag>R136</SCADA_Tag>
          <Array_ID>36</Array_ID>
        </Input>
        <Input>
          <SCADA_Tag>R137</SCADA_Tag>
          <Array_ID>37</Array_ID>
        </Input>
        <Input>
          <SCADA_Tag>R138</SCADA_Tag>
          <Array_ID>38</Array_ID>
        </Input>
        <Input>
          <SCADA_Tag>R139</SCADA_Tag>
          <Array_ID>39</Array_ID>
        </Input>
        <Input>
          <SCADA_Tag>R140</SCADA_Tag>
          <Array_ID>40</Array_ID>
        </Input>
        <Input>
          <SCADA_Tag>R141</SCADA_Tag>
          <Array_ID>41</Array_ID>
        </Input>
        <Input>
          <SCADA_Tag>R142</SCADA_Tag>
          <Array_ID>42</Array_ID>
        </Input>
        <Input>
          <SCADA_Tag>R143</SCADA_Tag>
          <Array_ID>43</Array_ID>
        </Input>
        <Input>
          <SCADA_Tag>R144</SCADA_Tag>
          <Array_ID>44</Array_ID>
        </Input>
        <Input>
          <SCADA_Tag>R145</SCADA_Tag>
          <Array_ID>45</Array_ID>
        </Input>
        <Input>
          <SCADA_Tag>R8</SCADA_Tag>
          <Array_ID>50</Array_ID>
        </Input>
        <Input>
          <SCADA_Tag>R34</SCADA_Tag>
          <Array_ID>51</Array_ID>
        </Input>
        <Input>
          <SCADA_Tag>R47</SCADA_Tag>
          <Array_ID>52</Array_ID>
        </Input>
        <Input>
          <SCADA_Tag>R161</SCADA_Tag>
          <Array_ID>61</Array_ID>
        </Input>
        <Input>
          <SCADA_Tag>R162</SCADA_Tag>
          <Array_ID>62</Array_ID>
        </Input>
        <Input>
          <SCADA_Tag>R163</SCADA_Tag>
          <Array_ID>63</Array_ID>
        </Input>
        <Input>
          <SCADA_Tag>R164</SCADA_Tag>
          <Array_ID>64</Array_ID>
        </Input>
        <Input>
          <SCADA_Tag>R165</SCADA_Tag>
          <Array_ID>65</Array_ID>
        </Input>
        <Input>
          <SCADA_Tag>R166</SCADA_Tag>
          <Array_ID>66</Array_ID>
        </Input>
        <Input>
          <SCADA_Tag>R167</SCADA_Tag>
          <Array_ID>67</Array_ID>
        </Input>
        <Input>
          <SCADA_Tag>R168</SCADA_Tag>
          <Array_ID>68</Array_ID>
        </Input>
        <Input>
          <SCADA_Tag>R169</SCADA_Tag>
          <Array_ID>69</Array_ID>
        </Input>
        <Input>
          <SCADA_Tag>R170</SCADA_Tag>
          <Array_ID>70</Array_ID>
        </Input>
        <!--<Input><SCADA_Tag>R32</SCADA_Tag><Array_ID>232</Array_ID>/*Будет использоваться в боевой конфигурациию Надо будет заменить на 71*/</Input>-->
        <Input>
          <SCADA_Tag>R171</SCADA_Tag>
          <Array_ID>71</Array_ID>
          <!--Только для отладки-->
        </Input>
        <Input>
          <SCADA_Tag>R172</SCADA_Tag>
          <Array_ID>72</Array_ID>
          <!--Только для отладки-->
        </Input>
        <Input>
          <SCADA_Tag>R173</SCADA_Tag>
          <Array_ID>73</Array_ID>
          <!--Только для отладки-->
        </Input>
        <Input>
          <SCADA_Tag>R174</SCADA_Tag>
          <Array_ID>74</Array_ID>
          <!--Только для отладки-->
        </Input>
        <Input>
          <SCADA_Tag>R175</SCADA_Tag>
          <Array_ID>75</Array_ID>
          <!--Только для отладки-->
        </Input>
        <Input>
          <SCADA_Tag>R17</SCADA_Tag>
          <Array_ID>217</Array_ID>
          <!--p_kvd-->
        </Input>
      </Inputs>
      <XY_Converters>
        <XY_Converter>
          <X>4</X>
          <Y>37</Y>
          <Output>100</Output>
        </XY_Converter>
        <XY_Converter>
          <X>4</X>
          <Y>0</Y>
          <Output>500</Output>
        </XY_Converter>
        <XY_Converter>
          <X>4</X>
          <Y>0</Y>
          <Output>501</Output>
        </XY_Converter>
        <XY_Converter>
          <X>4</X>
          <Y>0</Y>
          <Output>502</Output>
        </XY_Converter>
        <XY_Converter>
          <X>4</X>
          <Y>37</Y>
          <Output>503</Output>
        </XY_Converter>
        <XY_Converter>
          <X>4</X>
          <Y>37</Y>
          <Output>504</Output>
        </XY_Converter>
        <XY_Converter>
          <X>65</X>
          <Y>66</Y>
          <Output>505</Output>
        </XY_Converter>
        <XY_Converter>
          <X>65</X>
          <Y>18</Y>
          <Output>506</Output>
        </XY_Converter>
        <XY_Converter>
          <X>4</X>
          <Y>37</Y>
          <Output>101</Output>
        </XY_Converter>
        <XY_Converter>
          <X>7</X>
          <Y>1</Y>
          <Output>102</Output>
        </XY_Converter>
        <XY_Converter>
          <X>67</X>
          <Y>44</Y>
          <Output>103</Output>
        </XY_Converter>
        <XY_Converter>
          <!--Синяя точка на синей линии на 2-й странице-->
          <X>67</X>
          <Y>68</Y>
          <Output>203</Output>
        </XY_Converter>
        <XY_Converter>
          <X>5</X>
          <Y>1</Y>
          <Output>104</Output>
          <!--n_nd_pr/Ne_pr-->
        </XY_Converter>
        <XY_Converter>
          <X>69</X>
          <Y>45</Y>
          <Output>105</Output>
          <!--Перерасчет КТС-->
        </XY_Converter>
        <XY_Converter>
          <X>69</X>
          <Y>70</Y>
          <Output>106</Output>
          <!--Заводское значение-->
        </XY_Converter>
        <XY_Converter>
          <X>71</X>
          <Y>72</Y>
          <Output>107</Output>
          <!--Динамические элементы Диаграммы № 5 и соответствующие поля-->
        </XY_Converter>
        <XY_Converter>
          <X>5</X>
          <Y>6</Y>
          <Output>108</Output>
          <!--Динамические элементы Диаграммы № 6 и соответствующие поля-->
        </XY_Converter>
        <XY_Converter>
          <X>5</X>
          <Y>217</Y>
          <Output>109</Output>
          <!--p_kvd/n_vd_pr. А Динамические элементы Диаграммы № 7 и соответствующие поля-->
        </XY_Converter>
        <XY_Converter>
          <X>1</X>
          <Y>8</Y>
          <Output>110</Output>
          <!--Ne_pr, G_tg_pr-->
        </XY_Converter>
        <XY_Converter>
          <X>73</X>
          <Y>40</Y>
          <Output>111</Output>
          <!--Ne_pr, G_tg_nom-->
        </XY_Converter>
        <XY_Converter>
          <X>73</X>
          <Y>74</Y>
          <Output>112</Output>
          <!--Ne_pr (Ne_pr = Ne_nom), GeFromNe-->
        </XY_Converter>
      </XY_Converters>
      <Histograms>
        <HistogramConverter>
          <Input>500</Input>
          <Output>200</Output>
          <MinX>4.75</MinX>
          <MaxX>6.75</MaxX>
        </HistogramConverter>
        <HistogramConverter>
          <Input>107</Input>
          <Output>201</Output>
          <MinX>7800</MinX>
          <MaxX>9000</MaxX>
        </HistogramConverter>
        <HistogramConverter>
          <Input>108</Input>
          <Output>202</Output>
          <MinX>7800</MinX>
          <MaxX>9000</MaxX>
        </HistogramConverter>
        <HistogramConverter>
          <Input>109</Input>
          <Output>253</Output>
          <MinX>7800</MinX>
          <MaxX>9000</MaxX>
        </HistogramConverter>
      </Histograms>
      <ParamDiagReaderConfig>
        <ReaderConfig>
          <ServerName>localhost</ServerName>
          <ServerPort>4100</ServerPort>
          <ShopID>70</ShopID>
          <MachineID>1</MachineID>
          <TagIDs></TagIDs>
        </ReaderConfig>
      </ParamDiagReaderConfig>
      <HistogramCreatorConfig HistogramTimeSpan="PT10S" MinRange="4.75" MaxRange="6.75" SubRangesCount="10" />
    </DataModule>
    <LabelsModule UpdateTimeMs="300000">
      <Labels>
        <Label TextColor="Black" MinBoundary="0" MaxBoundary="1000" OutputFormat="{0:#0.###}" InvalidString="-" InputID="37"></Label>
        <Label TextColor="Black" MinBoundary="0" MaxBoundary="10" InvalidString="-" OutputFormat="{0:#0.###}" InputID="75"></Label>
        <Label TextColor="Black" MinBoundary="0" MaxBoundary="10" InputID="40" InvalidString="-" OutputFormat="{0:#0.###}" />
        <Label TextColor="Black" MinBoundary="0" MaxBoundary="10" InputID="15" InvalidString="-" OutputFormat="{0:#0.###}" />
        <Label TextColor="Black" MinBoundary="0" MaxBoundary="1000" InputID="0" InvalidString="-" OutputFormat="{0:#0.###}" />
        <Label TextColor="Black" MinBoundary="0" MaxBoundary="100000" InputID="2" InvalidString="-" OutputFormat="{0:#0.###}" />
        <Label TextColor="Black" MinBoundary="0" MaxBoundary="1000000" InputID="3" InvalidString="-" OutputFormat="{0:#0.###}" />
        <Label TextColor="Black" MinBoundary="0" MaxBoundary="1000000" InputID="51" InvalidString="-" OutputFormat="{0:#0} об/мин" />
      </Labels>
      <Pics>
        <Pic InputID="37" />
        <Pic InputID="75" />
        <Pic InputID="40" />
        <Pic InputID="15" />
      </Pics>
    </LabelsModule>
    <ParamGas DefaultRo0="0.6853" DefaultQn="33700" FileName="d:\ASTD-2\Data\ParamGas\ParamGas_70_1.xml"></ParamGas>
    <ServerName>localhost</ServerName>
    <ServerPort>4100</ServerPort>
  </PD_Control_Cfg>
</ArrayOfPD_Control_Cfg>