﻿<?xml version="1.0" encoding="utf-8"?>
<ArrayOfMetodic xmlns:xsi="http://www.w3.org/2001/XMLSchema-instance" xmlns:xsd="http://www.w3.org/2001/XMLSchema">
  <Metodic xsi:type="Metodic_DG90">
    <Name>Методика энергоэффективности для ДГ-90</Name>
    <AssetModelID>-1</AssetModelID>
    <Common>
      <Inputs>
        <T_Atm_C>
          <Scada_Tag>R1</Scada_Tag>
          <A>1</A>
          <B>0</B>
          <Attribute>1</Attribute>
          <Min>-1E+07</Min>
          <MaxDiff>1E+10</MaxDiff>
        </T_Atm_C>
        <P_Atm_kPa>
          <Scada_Tag>R2</Scada_Tag>
          <A>1</A>
          <B>0</B>
          <Attribute>1</Attribute>
          <Min>-1E+07</Min>
          <MaxDiff>1E+10</MaxDiff>
        </P_Atm_kPa>
        <N_rot_nd_RPM>
          <Scada_Tag>R3</Scada_Tag>
          <A>1</A>
          <B>0</B>
          <Attribute>1</Attribute>
          <Min>-1E+07</Min>
          <MaxDiff>1E+10</MaxDiff>
        </N_rot_nd_RPM>
        <N_rot_vd_RPM>
          <Scada_Tag>R4</Scada_Tag>
          <A>1</A>
          <B>0</B>
          <Attribute>1</Attribute>
          <Min>-1E+07</Min>
          <MaxDiff>1E+10</MaxDiff>
        </N_rot_vd_RPM>
        <N_rot_nag_RPM>
          <Scada_Tag>R5</Scada_Tag>
          <A>1</A>
          <B>0</B>
          <Attribute>1</Attribute>
          <Min>-1E+07</Min>
          <MaxDiff>1E+10</MaxDiff>
        </N_rot_nag_RPM>
        <T_In_Nag_C>
          <Scada_Tag>R6</Scada_Tag>
          <A>1</A>
          <B>0</B>
          <Attribute>1</Attribute>
          <Min>-1E+07</Min>
          <MaxDiff>1E+10</MaxDiff>
        </T_In_Nag_C>
        <T_Out_Nag_C>
          <Scada_Tag>R0</Scada_Tag>
          <A>1</A>
          <B>0</B>
          <Attribute>1</Attribute>
          <Min>-1E+07</Min>
          <MaxDiff>1E+10</MaxDiff>
        </T_Out_Nag_C>
        <P_Over_In_Nag_MPa>
          <Scada_Tag>R0</Scada_Tag>
          <A>1</A>
          <B>0</B>
          <Attribute>1</Attribute>
          <Min>-1E+07</Min>
          <MaxDiff>1E+10</MaxDiff>
        </P_Over_In_Nag_MPa>
        <P_Over_Out_Nag_MPa>
          <Scada_Tag>R0</Scada_Tag>
          <A>1</A>
          <B>0</B>
          <Attribute>1</Attribute>
          <Min>-1E+07</Min>
          <MaxDiff>1E+10</MaxDiff>
        </P_Over_Out_Nag_MPa>
        <dP_In_Conf_kPa>
          <Scada_Tag>R0</Scada_Tag>
          <A>1</A>
          <B>0</B>
          <Attribute>1</Attribute>
          <Min>-1E+07</Min>
          <MaxDiff>1E+10</MaxDiff>
        </dP_In_Conf_kPa>
        <T_In_Os_Compr_C>
          <Scada_Tag>R0</Scada_Tag>
          <A>1</A>
          <B>0</B>
          <Attribute>1</Attribute>
          <Min>-1E+07</Min>
          <MaxDiff>1E+10</MaxDiff>
        </T_In_Os_Compr_C>
        <T_Calc_Gg_C>
          <Scada_Tag>R0</Scada_Tag>
          <A>1</A>
          <B>0</B>
          <Attribute>1</Attribute>
          <Min>-1E+07</Min>
          <MaxDiff>1E+10</MaxDiff>
        </T_Calc_Gg_C>
        <dTg_Over_CBN_sau>
          <Scada_Tag>R0</Scada_Tag>
          <A>1</A>
          <B>0</B>
          <Attribute>1</Attribute>
          <Min>-1E+07</Min>
          <MaxDiff>1E+10</MaxDiff>
        </dTg_Over_CBN_sau>
        <T_TG_C>
          <Scada_Tag>R0</Scada_Tag>
          <A>1</A>
          <B>0</B>
          <Attribute>1</Attribute>
          <Min>-1E+07</Min>
          <MaxDiff>1E+10</MaxDiff>
        </T_TG_C>
        <P_Tg_Flow_MPa>
          <Scada_Tag>R0</Scada_Tag>
          <A>1</A>
          <B>0</B>
          <Attribute>1</Attribute>
          <Min>-1E+07</Min>
          <MaxDiff>1E+10</MaxDiff>
        </P_Tg_Flow_MPa>
        <dP_Diafr_Tg_kPa>
          <Scada_Tag>R0</Scada_Tag>
          <A>1</A>
          <B>0</B>
          <Attribute>1</Attribute>
          <Min>-1E+07</Min>
          <MaxDiff>1E+10</MaxDiff>
        </dP_Diafr_Tg_kPa>
        <dTg_sau>
          <Scada_Tag>R0</Scada_Tag>
          <A>1</A>
          <B>0</B>
          <Attribute>1</Attribute>
          <Min>-1E+07</Min>
          <MaxDiff>1E+10</MaxDiff>
        </dTg_sau>
        <P_OK_MPa>
          <Scada_Tag>R0</Scada_Tag>
          <A>1</A>
          <B>0</B>
          <Attribute>1</Attribute>
          <Min>-1E+07</Min>
          <MaxDiff>1E+10</MaxDiff>
        </P_OK_MPa>
      </Inputs>
      <Outputs>
        <DeviationTemp>R141</DeviationTemp>
        <DeviationRotation>R142</DeviationRotation>
        <DeviationPressure>R143</DeviationPressure>
      </Outputs>
      <Views>
        <Page1>
          <Enable>true</Enable>
          <Min_X>0</Min_X>
          <Max_X>2</Max_X>
          <Min_Y>0</Min_Y>
          <Max_Y>1000</Max_Y>
        </Page1>
        <Page2>
          <Enable>true</Enable>
          <Min_X>0</Min_X>
          <Max_X>2</Max_X>
          <Min_Y>0</Min_Y>
          <Max_Y>1000</Max_Y>
        </Page2>
        <Page3>
          <Enable>true</Enable>
          <Min_X>0</Min_X>
          <Max_X>2</Max_X>
          <Min_Y>0</Min_Y>
          <Max_Y>1000</Max_Y>
        </Page3>
      </Views>
      <P_Gas>
        <SCADA_Tag>R101</SCADA_Tag>
        <Default_Value>100</Default_Value>
      </P_Gas>
      <NV_Gas>
        <SCADA_Tag>R0</SCADA_Tag>
        <Default_Value>1</Default_Value>
      </NV_Gas>
      <Defaults>
        <Mashine_ID>70</Mashine_ID>
        <InputsCorrection>
          <T_Atm_C>
            <Scada_Tag>R1</Scada_Tag>
            <A>1</A>
            <B>0</B>
            <Attribute>1</Attribute>
            <Min>-1E+07</Min>
            <MaxDiff>1E+10</MaxDiff>
          </T_Atm_C>
          <P_Atm_kPa>
            <Scada_Tag>R2</Scada_Tag>
            <A>1</A>
            <B>0</B>
            <Attribute>1</Attribute>
            <Min>-1E+07</Min>
            <MaxDiff>1E+10</MaxDiff>
          </P_Atm_kPa>
          <N_rot_nd_RPM>
            <Scada_Tag>R3</Scada_Tag>
            <A>1</A>
            <B>0</B>
            <Attribute>1</Attribute>
            <Min>-1E+07</Min>
            <MaxDiff>1E+10</MaxDiff>
          </N_rot_nd_RPM>
          <N_rot_vd_RPM>
            <Scada_Tag>R4</Scada_Tag>
            <A>1</A>
            <B>0</B>
            <Attribute>1</Attribute>
            <Min>-1E+07</Min>
            <MaxDiff>1E+10</MaxDiff>
          </N_rot_vd_RPM>
          <N_rot_nag_RPM>
            <Scada_Tag>R5</Scada_Tag>
            <A>1</A>
            <B>0</B>
            <Attribute>1</Attribute>
            <Min>-1E+07</Min>
            <MaxDiff>1E+10</MaxDiff>
          </N_rot_nag_RPM>
          <T_In_Nag_C>
            <Scada_Tag>R6</Scada_Tag>
            <A>1</A>
            <B>0</B>
            <Attribute>1</Attribute>
            <Min>-1E+07</Min>
            <MaxDiff>1E+10</MaxDiff>
          </T_In_Nag_C>
          <T_Out_Nag_C>
            <Scada_Tag>R0</Scada_Tag>
            <A>1</A>
            <B>0</B>
            <Attribute>1</Attribute>
            <Min>-1E+07</Min>
            <MaxDiff>1E+10</MaxDiff>
          </T_Out_Nag_C>
          <P_Over_In_Nag_MPa>
            <Scada_Tag>R0</Scada_Tag>
            <A>1</A>
            <B>0</B>
            <Attribute>1</Attribute>
            <Min>-1E+07</Min>
            <MaxDiff>1E+10</MaxDiff>
          </P_Over_In_Nag_MPa>
          <P_Over_Out_Nag_MPa>
            <Scada_Tag>R0</Scada_Tag>
            <A>1</A>
            <B>0</B>
            <Attribute>1</Attribute>
            <Min>-1E+07</Min>
            <MaxDiff>1E+10</MaxDiff>
          </P_Over_Out_Nag_MPa>
          <dP_In_Conf_kPa>
            <Scada_Tag>R0</Scada_Tag>
            <A>1</A>
            <B>0</B>
            <Attribute>1</Attribute>
            <Min>-1E+07</Min>
            <MaxDiff>1E+10</MaxDiff>
          </dP_In_Conf_kPa>
          <T_In_Os_Compr_C>
            <Scada_Tag>R0</Scada_Tag>
            <A>1</A>
            <B>0</B>
            <Attribute>1</Attribute>
            <Min>-1E+07</Min>
            <MaxDiff>1E+10</MaxDiff>
          </T_In_Os_Compr_C>
          <T_Calc_Gg_C>
            <Scada_Tag>R0</Scada_Tag>
            <A>1</A>
            <B>0</B>
            <Attribute>1</Attribute>
            <Min>-1E+07</Min>
            <MaxDiff>1E+10</MaxDiff>
          </T_Calc_Gg_C>
          <dTg_Over_CBN_sau>
            <Scada_Tag>R0</Scada_Tag>
            <A>1</A>
            <B>0</B>
            <Attribute>1</Attribute>
            <Min>-1E+07</Min>
            <MaxDiff>1E+10</MaxDiff>
          </dTg_Over_CBN_sau>
          <T_TG_C>
            <Scada_Tag>R0</Scada_Tag>
            <A>1</A>
            <B>0</B>
            <Attribute>1</Attribute>
            <Min>-1E+07</Min>
            <MaxDiff>1E+10</MaxDiff>
          </T_TG_C>
          <P_Tg_Flow_MPa>
            <Scada_Tag>R0</Scada_Tag>
            <A>1</A>
            <B>0</B>
            <Attribute>1</Attribute>
            <Min>-1E+07</Min>
            <MaxDiff>1E+10</MaxDiff>
          </P_Tg_Flow_MPa>
          <dP_Diafr_Tg_kPa>
            <Scada_Tag>R0</Scada_Tag>
            <A>1</A>
            <B>0</B>
            <Attribute>1</Attribute>
            <Min>-1E+07</Min>
            <MaxDiff>1E+10</MaxDiff>
          </dP_Diafr_Tg_kPa>
          <dTg_sau>
            <Scada_Tag>R0</Scada_Tag>
            <A>1</A>
            <B>0</B>
            <Attribute>1</Attribute>
            <Min>-1E+07</Min>
            <MaxDiff>1E+10</MaxDiff>
          </dTg_sau>
          <P_OK_MPa>
            <Scada_Tag>R0</Scada_Tag>
            <A>1</A>
            <B>0</B>
            <Attribute>1</Attribute>
            <Min>-1E+07</Min>
            <MaxDiff>1E+10</MaxDiff>
          </P_OK_MPa>
        </InputsCorrection>
        <Parameters1>
          <P_Nom_MVt>-1</P_Nom_MVt>
          <N_Nom_Nd_RPM>-1</N_Nom_Nd_RPM>
          <N_Nom_Dble_RPM>5200</N_Nom_Dble_RPM>
          <P_Atm_kPa>101.25</P_Atm_kPa>
          <Coeff_Conf_N>43.95</Coeff_Conf_N>
          <Coeff_Topl_Ring_N>0.13841</Coeff_Topl_Ring_N>
          <Fuel_Power>50000</Fuel_Power>
        </Parameters1>
        <Parameters>
          <Delta_T>8</Delta_T>
          <Delta_N_OK>-19</Delta_N_OK>
          <Delta_P_OK>0.02</Delta_P_OK>
        </Parameters>
        <Polynoms>
          <mapGT_n2t>
            <A>
              <float>0</float>
              <float>0</float>
              <float>0</float>
              <float>0</float>
              <float>0</float>
              <float>0</float>
            </A>
            <Attr>1</Attr>
          </mapGT_n2t>
          <mapGT_n2n>
            <A>
              <float>0</float>
              <float>0</float>
              <float>0</float>
              <float>0</float>
              <float>0</float>
              <float>0</float>
            </A>
            <Attr>1</Attr>
          </mapGT_n2n>
          <mapGT_n2p>
            <A>
              <float>0</float>
              <float>0</float>
              <float>0</float>
              <float>0</float>
              <float>0</float>
              <float>0</float>
            </A>
            <Attr>1</Attr>
          </mapGT_n2p>
        </Polynoms>
      </Defaults>
    </Common>
    <Tuning>
      <Shop>
        <Shop_ID>70</Shop_ID>
        <Agregates>
          <Agregate>
            <Mashine_ID>1</Mashine_ID>
            <InputsCorrection>
              <T_Atm_C>
                <Scada_Tag>R1</Scada_Tag>
                <A>1</A>
                <B>0</B>
                <Attribute>1</Attribute>
                <Min>-1E+07</Min>
                <MaxDiff>1E+10</MaxDiff>
              </T_Atm_C>
              <P_Atm_kPa>
                <Scada_Tag>R2</Scada_Tag>
                <A>1</A>
                <B>0</B>
                <Attribute>1</Attribute>
                <Min>-1E+07</Min>
                <MaxDiff>1E+10</MaxDiff>
              </P_Atm_kPa>
              <N_rot_nd_RPM>
                <Scada_Tag>R3</Scada_Tag>
                <A>1</A>
                <B>0</B>
                <Attribute>1</Attribute>
                <Min>-1E+07</Min>
                <MaxDiff>1E+10</MaxDiff>
              </N_rot_nd_RPM>
              <N_rot_vd_RPM>
                <Scada_Tag>R4</Scada_Tag>
                <A>1</A>
                <B>0</B>
                <Attribute>1</Attribute>
                <Min>-1E+07</Min>
                <MaxDiff>1E+10</MaxDiff>
              </N_rot_vd_RPM>
              <N_rot_nag_RPM>
                <Scada_Tag>R5</Scada_Tag>
                <A>1</A>
                <B>0</B>
                <Attribute>1</Attribute>
                <Min>-1E+07</Min>
                <MaxDiff>1E+10</MaxDiff>
              </N_rot_nag_RPM>
              <T_In_Nag_C>
                <Scada_Tag>R6</Scada_Tag>
                <A>1</A>
                <B>0</B>
                <Attribute>1</Attribute>
                <Min>-1E+07</Min>
                <MaxDiff>1E+10</MaxDiff>
              </T_In_Nag_C>
              <T_Out_Nag_C>
                <Scada_Tag>R0</Scada_Tag>
                <A>1</A>
                <B>0</B>
                <Attribute>1</Attribute>
                <Min>-1E+07</Min>
                <MaxDiff>1E+10</MaxDiff>
              </T_Out_Nag_C>
              <P_Over_In_Nag_MPa>
                <Scada_Tag>R0</Scada_Tag>
                <A>1</A>
                <B>0</B>
                <Attribute>1</Attribute>
                <Min>-1E+07</Min>
                <MaxDiff>1E+10</MaxDiff>
              </P_Over_In_Nag_MPa>
              <P_Over_Out_Nag_MPa>
                <Scada_Tag>R0</Scada_Tag>
                <A>1</A>
                <B>0</B>
                <Attribute>1</Attribute>
                <Min>-1E+07</Min>
                <MaxDiff>1E+10</MaxDiff>
              </P_Over_Out_Nag_MPa>
              <dP_In_Conf_kPa>
                <Scada_Tag>R0</Scada_Tag>
                <A>1</A>
                <B>0</B>
                <Attribute>1</Attribute>
                <Min>-1E+07</Min>
                <MaxDiff>1E+10</MaxDiff>
              </dP_In_Conf_kPa>
              <T_In_Os_Compr_C>
                <Scada_Tag>R0</Scada_Tag>
                <A>1</A>
                <B>0</B>
                <Attribute>1</Attribute>
                <Min>-1E+07</Min>
                <MaxDiff>1E+10</MaxDiff>
              </T_In_Os_Compr_C>
              <T_Calc_Gg_C>
                <Scada_Tag>R0</Scada_Tag>
                <A>1</A>
                <B>0</B>
                <Attribute>1</Attribute>
                <Min>-1E+07</Min>
                <MaxDiff>1E+10</MaxDiff>
              </T_Calc_Gg_C>
              <dTg_Over_CBN_sau>
                <Scada_Tag>R0</Scada_Tag>
                <A>1</A>
                <B>0</B>
                <Attribute>1</Attribute>
                <Min>-1E+07</Min>
                <MaxDiff>1E+10</MaxDiff>
              </dTg_Over_CBN_sau>
              <T_TG_C>
                <Scada_Tag>R0</Scada_Tag>
                <A>1</A>
                <B>0</B>
                <Attribute>1</Attribute>
                <Min>-1E+07</Min>
                <MaxDiff>1E+10</MaxDiff>
              </T_TG_C>
              <P_Tg_Flow_MPa>
                <Scada_Tag>R0</Scada_Tag>
                <A>1</A>
                <B>0</B>
                <Attribute>1</Attribute>
                <Min>-1E+07</Min>
                <MaxDiff>1E+10</MaxDiff>
              </P_Tg_Flow_MPa>
              <dP_Diafr_Tg_kPa>
                <Scada_Tag>R0</Scada_Tag>
                <A>1</A>
                <B>0</B>
                <Attribute>1</Attribute>
                <Min>-1E+07</Min>
                <MaxDiff>1E+10</MaxDiff>
              </dP_Diafr_Tg_kPa>
              <dTg_sau>
                <Scada_Tag>R0</Scada_Tag>
                <A>1</A>
                <B>0</B>
                <Attribute>1</Attribute>
                <Min>-1E+07</Min>
                <MaxDiff>1E+10</MaxDiff>
              </dTg_sau>
              <P_OK_MPa>
                <Scada_Tag>R0</Scada_Tag>
                <A>1</A>
                <B>0</B>
                <Attribute>1</Attribute>
                <Min>-1E+07</Min>
                <MaxDiff>1E+10</MaxDiff>
              </P_OK_MPa>
            </InputsCorrection>
            <Parameters>
              <Delta_T>8</Delta_T>
              <Delta_N_OK>-19</Delta_N_OK>
              <Delta_P_OK>0.02</Delta_P_OK>
            </Parameters>
            <Polynoms>
              <mapGT_n2t>
                <A>
                  <float>0</float>
                  <float>0</float>
                  <float>0</float>
                  <float>0</float>
                  <float>0</float>
                  <float>0</float>
                </A>
                <Attr>1</Attr>
              </mapGT_n2t>
              <mapGT_n2n>
                <A>
                  <float>0</float>
                  <float>0</float>
                  <float>0</float>
                  <float>0</float>
                  <float>0</float>
                  <float>0</float>
                </A>
                <Attr>1</Attr>
              </mapGT_n2n>
              <mapGT_n2p>
                <A>
                  <float>0</float>
                  <float>0</float>
                  <float>0</float>
                  <float>0</float>
                  <float>0</float>
                  <float>0</float>
                </A>
                <Attr>1</Attr>
              </mapGT_n2p>
            </Polynoms>
          </Agregate>
        </Agregates>
      </Shop>
    </Tuning>
  </Metodic>
</ArrayOfMetodic>