<?xml version="1.0" encoding="utf-8"?>
<MethodicConfig xmlns:xsi="http://www.w3.org/2001/XMLSchema-instance" xmlns:xsd="http://www.w3.org/2001/XMLSchema">
  <InputsSetting>
    <Inputs />
  </InputsSetting>
  <ParametersSetting>
    <Nominals>
      <Nominal ID="sd">
        <Value>df</Value>
      </Nominal>
    </Nominals>
    <Polynoms />
    <CoefficientDiafr />
  </ParametersSetting>
  <ClustersSetting>
    <Nodes>
      <Node>
        <FuncID>functionname</FuncID>
        <Alpha>0.5</Alpha>
        <ClusterCentersStorageName>ClusterCenters_FuncID.xml</ClusterCentersStorageName>
        <NumberOfClusters>100</NumberOfClusters>
        <Beta>0.1</Beta>
        <IterationMax>100</IterationMax>
        <DeltaErrMax>0.05</DeltaErrMax>
        <StorageName>HistoryStorageName_FuncID.xml</StorageName>
        <RequireedRecordsNumberForClusterization>0</RequireedRecordsNumberForClusterization>
        <RequireedRecordsNumberForInitialClusterization>302400</RequireedRecordsNumberForInitialClusterization>
        <MaxRecordsNumberForClusterization>0</MaxRecordsNumberForClusterization>
        <СlusterСenters>
          <xC />
          <yC />
          <tC />
        </СlusterСenters>
        <InputVariables>assas</InputVariables>
        <NodeDecimation>0</NodeDecimation>
      </Node>
    </Nodes>
  </ClustersSetting>
</MethodicConfig>