﻿<?xml version="1.0" encoding="utf-8"?>
<MethodicConfig xmlns:xsi="http://www.w3.org/2001/XMLSchema-instance" xmlns:xsd="http://www.w3.org/2001/XMLSchema">
  <MethodicName>STO</MethodicName>
  <!--имя должно быть уникально для каждой методики!!!!-->
  <InputsSetting>
    <!--длительность  установившегося режима, с-->
    <TimeSteady>4</TimeSteady>
    <!--минимально допустимое время между установившимися режимами, с-->
    <TimeSteadyShift>4</TimeSteadyShift>
    <!--****настройка обработки параметров входных сигналов-->
    <!--Attribute = 0/1/2 -->
    <!--(0 - не используем сигнал;1 - используется ; -->
    <!-- 2- для некоторых сигналов дополнительная логика(см. коментарии в Input ID=11,15,18))-->
    <!-- Min/Max  - минимальное/максимальное допустимое значение сигнала-->
    <!-- ModeDetectorMin  - минимальное значение сигнала для Mode Detector-->
    <!--ModeDetectorDelta - максимальное отклонение на установившемся режиме-->
    <!--Min/Max/ModeDetectorMin/ModeDetectorDelta если значение "*" то параметер не рассматривается-->
    <Inputs>
      <Input ID="B">
        <!-- Атмосферное давление, МПа-->
        <Attribute>1</Attribute>
        <Min>0.05</Min>
        <Max>0.15</Max>
        <ModeDetectorMin>*</ModeDetectorMin>
        <ModeDetectorDelta>*</ModeDetectorDelta>
        <DefaultValue>0.104</DefaultValue>
        <DefaultValueAttribute>0</DefaultValueAttribute>
      </Input>
      <Input ID="n1">
        <!-- Скорость вращения ротора низкого давления, об/мин-->
        <Attribute>1</Attribute>
        <Min>*</Min>
        <Max>*</Max>
        <ModeDetectorMin>5900</ModeDetectorMin>
        <ModeDetectorDelta>10</ModeDetectorDelta>
        <DefaultValue>3000</DefaultValue>
        <DefaultValueAttribute>0</DefaultValueAttribute>
      </Input>
      <Input ID="n2">
        <!-- Скорость вращения ротора высокого давления, об/мин-->
        <Attribute>1</Attribute>
        <Min>*</Min>
        <Max>*</Max>
        <ModeDetectorMin>*</ModeDetectorMin>
        <ModeDetectorDelta>*</ModeDetectorDelta>
        <DefaultValue>7</DefaultValue>
        <DefaultValueAttribute>0</DefaultValueAttribute>
      </Input>
      <Input ID="n3">
        <!-- Скорость вращения ротора нагнетателя, об/мин-->
        <Attribute>1</Attribute>
        <Min>*</Min>
        <Max>*</Max>
        <ModeDetectorMin>*</ModeDetectorMin>
        <ModeDetectorDelta>*</ModeDetectorDelta>
        <DefaultValue>7</DefaultValue>
        <DefaultValueAttribute>0</DefaultValueAttribute>
      </Input>
      <Input ID="T01_cbn">
        <!-- Температура газа на входе в нагнетатель, С-->
        <Attribute>1</Attribute>
        <Min>*</Min>
        <Max>*</Max>
        <ModeDetectorMin>*</ModeDetectorMin>
        <ModeDetectorDelta>*</ModeDetectorDelta>
        <DefaultValue>7</DefaultValue>
        <DefaultValueAttribute>0</DefaultValueAttribute>
      </Input>
      <Input ID="T02_cbn">
        <!-- Температура газа на выходе из нагнетателя, С-->
        <Attribute>1</Attribute>
        <Min>*</Min>
        <Max>*</Max>
        <ModeDetectorMin>*</ModeDetectorMin>
        <ModeDetectorDelta>*</ModeDetectorDelta>
        <DefaultValue>7</DefaultValue>
        <DefaultValueAttribute>0</DefaultValueAttribute>
      </Input>
      <Input ID="Pi01_cbn">
        <!-- Избыточное давление на входе нагнетателя, МПа-->
        <Attribute>1</Attribute>
        <Min>*</Min>
        <Max>*</Max>
        <ModeDetectorMin>*</ModeDetectorMin>
        <ModeDetectorDelta>*</ModeDetectorDelta>
        <DefaultValue>7</DefaultValue>
        <DefaultValueAttribute>0</DefaultValueAttribute>
      </Input>
      <Input ID="Pi02_cbn">
        <!-- Избыточное давление на выходе нагнетателя, МПа-->
        <Attribute>1</Attribute>
        <Min>*</Min>
        <Max>*</Max>
        <ModeDetectorMin>*</ModeDetectorMin>
        <ModeDetectorDelta>*</ModeDetectorDelta>
        <DefaultValue>7</DefaultValue>
        <DefaultValueAttribute>0</DefaultValueAttribute>
      </Input>
      <Input ID="Pd_cbn_conf">
        <!-- Перепад давления на входном конфузоре ЦБН, кПа-->
        <Attribute>1</Attribute>
        <Min>*</Min>
        <Max>*</Max>
        <ModeDetectorMin>*</ModeDetectorMin>
        <ModeDetectorDelta>*</ModeDetectorDelta>
        <DefaultValue>20</DefaultValue>
        <DefaultValueAttribute>0</DefaultValueAttribute>
      </Input>
      <Input ID="T01">
        <!-- Температура на входе в осевой компрессор (t3). (температура на входе в ГТД), С-->
        <Attribute>1</Attribute>
        <Min>*</Min>
        <Max>*</Max>
        <ModeDetectorMin>*</ModeDetectorMin>
        <ModeDetectorDelta>*</ModeDetectorDelta>
        <DefaultValue>7</DefaultValue>
        <DefaultValueAttribute>0</DefaultValueAttribute>
      </Input>
      <Input ID="T04">
        <!-- Расчетная температура за ГГ. (Температура за ТНД ГТД), С-->
        <Attribute>1</Attribute>
        <Min>*</Min>
        <Max>*</Max>
        <ModeDetectorMin>*</ModeDetectorMin>
        <ModeDetectorDelta>*</ModeDetectorDelta>
        <DefaultValue>7</DefaultValue>
        <DefaultValueAttribute>0</DefaultValueAttribute>
      </Input>
      <Input ID="G_cbn_sau">
        <!-- Расход газа через ЦБН, взятый с САУ, кг/c (м3c) (attribute: 1- кг/с; 2-м3/с )-->
        <Attribute>1</Attribute>
        <Min>*</Min>
        <Max>*</Max>
        <ModeDetectorMin>*</ModeDetectorMin>
        <ModeDetectorDelta>*</ModeDetectorDelta>
        <DefaultValue>7</DefaultValue>
        <DefaultValueAttribute>0</DefaultValueAttribute>
      </Input>
      <Input ID="t_t_diafr">
        <!-- Температура топливного газа, С-->
        <Attribute>1</Attribute>
        <Min>*</Min>
        <Max>*</Max>
        <ModeDetectorMin>*</ModeDetectorMin>
        <ModeDetectorDelta>*</ModeDetectorDelta>
        <DefaultValue>0</DefaultValue>
        <DefaultValueAttribute>0</DefaultValueAttribute>
      </Input>
      <Input ID="Pi_t_diafr">
        <!-- Избыточное давление топливного газа, МПа-->
        <Attribute>1</Attribute>
        <Min>*</Min>
        <Max>*</Max>
        <ModeDetectorMin>*</ModeDetectorMin>
        <ModeDetectorDelta>*</ModeDetectorDelta>
        <DefaultValue>0</DefaultValue>
        <DefaultValueAttribute>0</DefaultValueAttribute>
      </Input>
      <Input ID="Pd_t_diafr">
        <!-- Перепад давления на диафрагме топливного газа, кПа-->
        <Attribute>1</Attribute>
        <Min>*</Min>
        <Max>*</Max>
        <ModeDetectorMin>*</ModeDetectorMin>
        <ModeDetectorDelta>*</ModeDetectorDelta>
        <DefaultValue>0</DefaultValue>
        <DefaultValueAttribute>0</DefaultValueAttribute>
      </Input>
      <Input ID="G_t_sau">
        <!-- Расход топливного газа взятый с САУ, кг/ч(м3/ч)(attribute: 1- кг/с; 2-м3/с )-->
        <Attribute>1</Attribute>
        <Min>*</Min>
        <Max>*</Max>
        <ModeDetectorMin>*</ModeDetectorMin>
        <ModeDetectorDelta>*</ModeDetectorDelta>
        <DefaultValue>0.8</DefaultValue>
        <DefaultValueAttribute>0</DefaultValueAttribute>
      </Input>
      <Input ID="P02">
        <!-- P воздуха за ОК (P воздуха за КВД), МПа-->
        <Attribute>1</Attribute>
        <Min>*</Min>
        <Max>*</Max>
        <ModeDetectorMin>*</ModeDetectorMin>
        <ModeDetectorDelta>*</ModeDetectorDelta>
        <DefaultValue>0</DefaultValue>
        <DefaultValueAttribute>0</DefaultValueAttribute>
      </Input>
      <Input ID="ro_t">
        <!--плотность топливного газа, кг/м3-->
        <Attribute>1</Attribute>
        <Min>*</Min>
        <Max>*</Max>
        <ModeDetectorMin>*</ModeDetectorMin>
        <ModeDetectorDelta>*</ModeDetectorDelta>
        <DefaultValue>0.6853</DefaultValue>
        <DefaultValueAttribute>0</DefaultValueAttribute>
      </Input>
      <Input ID="Q_t">
        <!--Теплотворная способность топливного газа, кДж/кг((attribute: 1- кДж/кг; 2-кДж/м3 ))-->
        <Attribute>1</Attribute>
        <Min>*</Min>
        <Max>*</Max>
        <ModeDetectorMin>*</ModeDetectorMin>
        <ModeDetectorDelta>*</ModeDetectorDelta>
        <DefaultValue>33700</DefaultValue>
        <DefaultValueAttribute>0</DefaultValueAttribute>
      </Input>
    </Inputs>
  </InputsSetting>
  <ParametersSetting>
    <Polynoms>
      <!--задание коэффициентов полинома-->
      <!-- коэффициентов 1 полинома задаються в полях a00-a05-->
      <!-- коэффициентов 2 полинома задаються в полях a10-a15-->
      <!--Min/Max границы полинома  (за границами полином не имеет смысла и не расчитывается) -->
      <!--**Коэффициенты полинома СТО-->
      <Polynom ID="ef_cbn_V1">
        <!--*политропный КПД - расход  ЦБН, -->
        <num>1</num>
        <!--*количество полиномов на характеристику* -->
        <Min>4</Min>
        <Max>8.5</Max>
        <a00>1.84034</a00>
        <a01>-0.80094</a01>
        <a02>0.18303</a02>
        <a03>-0.01287</a03>
        <a04>0</a04>
        <a05>0</a05>
        <!--задание точки раздела полиномов-->
        <Point>5</Point>
        <!--задание коэффициентов 2 полинома-->
        <a10>7</a10>
        <a11>8</a11>
        <a12>9</a12>
        <a13>10</a13>
        <a14>11</a14>
        <a15>12</a15>
      </Polynom>
      <Polynom ID="N_T04">
        <!--*Мощность, МВт- Температура за ТНД, С-->
        <num>1</num>
        <!--*количество полиномов на характеристику* -->
        <Min>420</Min>
        <Max>820</Max>
        <a00>3.834968636</a00>
        <a01>-0.041295219</a01>
        <a02>9.20E-05</a02>
        <a03>0</a03>
        <a04>0</a04>
        <a05>0</a05>
        <!--задание точки раздела полиномов-->
        <Point>0</Point>
        <!--задание коэффициентов 2 полинома-->
        <a10>0</a10>
        <a11>0</a11>
        <a12>0</a12>
        <a13>0</a13>
        <a14>0</a14>
        <a15>10</a15>
      </Polynom>
      <Polynom ID="N_n2">
        <!--*Мощность, МВт- оборотыа КВД, С-->
        <num>1</num>
        <!--*количество полиномов на характеристику* -->
        <Min>6000</Min>
        <Max>10000</Max>
        <a00>-61.415</a00>
        <a01>0.03781</a01>
        <a02>-7.39e-06</a02>
        <a03>4.66e-10</a03>
        <a04>0</a04>
        <a05>0</a05>
        <!--задание точки раздела полиномов-->
        <Point>0</Point>
        <!--задание коэффициентов 2 полинома-->
        <a10>0</a10>
        <a11>0</a11>
        <a12>0</a12>
        <a13>0</a13>
        <a14>0</a14>
        <a15>10</a15>
      </Polynom>
      <Polynom ID="G_t_N">
        <!--*Расход топлива, кг/ч- Температура за ТНД, С-->
        <num>1</num>
        <!--*количество полиномов на характеристику* -->
        <Min>7</Min>
        <Max>17</Max>
        <a00>0.24954</a00>
        <a01>0.04443</a01>
        <a02>3.60e-5</a02>
        <a03>0</a03>
        <a04>0</a04>
        <a05>0</a05>
        <!--задание точки раздела полиномов-->
        <Point>9.5</Point>
        <!--задание коэффициентов 2 полинома-->
        <a10>7.5</a10>
        <a11>8.5</a11>
        <a12>9.5</a12>
        <a13>10.5</a13>
        <a14>11.5</a14>
        <a15>12.5</a15>
      </Polynom>
    </Polynoms>
    <!--параметры на номинальном режиме-->
    <Nominals>
      <Nominal ID="nom_N">
        <Value>16 </Value>
      </Nominal>
      <Nominal ID="nom_T04">
        <Value>  650  </Value>
      </Nominal>
      <Nominal ID="nom_n2">
        <Value>  7500  </Value>
      </Nominal>
      <Nominal ID="nom_n3">
        <Value>  5000  </Value>
      </Nominal>
      <Nominal ID="nom_ef_cbn">
        <Value>  0.8447  </Value>
      </Nominal>
      <Nominal ID="nom_V_cbn">
        <Value>  6  </Value>
      </Nominal>
    </Nominals>
    <!--*****коэффициенты расхода шайб(конфузоров) мерных устройств -->
    <CoefficientDiafr>
      <Coeff ID="CoefConf">
        <Value>  43.95  </Value>
      </Coeff>
      <Coeff ID="CoefDiafr">
        <Value>  0.13841  </Value>
      </Coeff>
    </CoefficientDiafr>
  </ParametersSetting>
  <ClustersSetting>
    <Nodes>
      <Node>
        <!--список имен параметров для обработки кластером (аргументы)-->
        <InputVariables>n2;P02</InputVariables>
        <!--список имен параметров для обработки кластером (ординаты-функции)-->
        <OutputVariables>P02</OutputVariables>
        <!--список значение параметров для предсказания кластером (аргументы)-->
        <InputPredictValue>750 0;256</InputPredictValue>
        <!--список имен параметров результатов предсказания кластером-->
        <OutputPredictName>T04</OutputPredictName>
        <NodeDecimation>1</NodeDecimation>
        <FuncID>functionname</FuncID>
        <Alpha>0.5</Alpha>
        <ClusterCentersStorageName>ClusterCenters_FuncID.xml</ClusterCentersStorageName>
        <NumberOfClusters>100</NumberOfClusters>
        <Beta>0.1</Beta>
        <IterationMax>100</IterationMax>
        <DeltaErrMax>0.05</DeltaErrMax>
        <StorageName>HistoryStorageName_FuncID.xml</StorageName>
        <RequireedRecordsNumberForClusterization>0</RequireedRecordsNumberForClusterization>
        <RequireedRecordsNumberForInitialClusterization>302400</RequireedRecordsNumberForInitialClusterization>
        <MaxRecordsNumberForClusterization>0</MaxRecordsNumberForClusterization>
        <СlusterСenters>
          <xC>
            <ArrayOfDouble>
              <double>0</double>
              <double>0</double>
              <double>0</double>
            </ArrayOfDouble>
            <ArrayOfDouble>
              <double>0</double>
              <double>0</double>
              <double>0</double>
            </ArrayOfDouble>
            <ArrayOfDouble>
              <double>0</double>
              <double>0</double>
              <double>0</double>
            </ArrayOfDouble>
            <ArrayOfDouble>
              <double>0</double>
              <double>0</double>
              <double>0</double>
            </ArrayOfDouble>
            <ArrayOfDouble>
              <double>0</double>
              <double>0</double>
              <double>0</double>
            </ArrayOfDouble>
            <ArrayOfDouble>
              <double>0</double>
              <double>0</double>
              <double>0</double>
            </ArrayOfDouble>
            <ArrayOfDouble>
              <double>0</double>
              <double>0</double>
              <double>0</double>
            </ArrayOfDouble>
            <ArrayOfDouble>
              <double>0</double>
              <double>0</double>
              <double>0</double>
            </ArrayOfDouble>
            <ArrayOfDouble>
              <double>0</double>
              <double>0</double>
              <double>0</double>
            </ArrayOfDouble>
            <ArrayOfDouble>
              <double>0</double>
              <double>0</double>
              <double>0</double>
            </ArrayOfDouble>
            <ArrayOfDouble>
              <double>0</double>
              <double>0</double>
              <double>0</double>
            </ArrayOfDouble>
            <ArrayOfDouble>
              <double>0</double>
              <double>0</double>
              <double>0</double>
            </ArrayOfDouble>
            <ArrayOfDouble>
              <double>0</double>
              <double>0</double>
              <double>0</double>
            </ArrayOfDouble>
            <ArrayOfDouble>
              <double>0</double>
              <double>0</double>
              <double>0</double>
            </ArrayOfDouble>
            <ArrayOfDouble>
              <double>0</double>
              <double>0</double>
              <double>0</double>
            </ArrayOfDouble>
            <ArrayOfDouble>
              <double>0</double>
              <double>0</double>
              <double>0</double>
            </ArrayOfDouble>
            <ArrayOfDouble>
              <double>0</double>
              <double>0</double>
              <double>0</double>
            </ArrayOfDouble>
            <ArrayOfDouble>
              <double>0</double>
              <double>0</double>
              <double>0</double>
            </ArrayOfDouble>
            <ArrayOfDouble>
              <double>0</double>
              <double>0</double>
              <double>0</double>
            </ArrayOfDouble>
            <ArrayOfDouble>
              <double>0</double>
              <double>0</double>
              <double>0</double>
            </ArrayOfDouble>
            <ArrayOfDouble>
              <double>0</double>
              <double>0</double>
              <double>0</double>
            </ArrayOfDouble>
            <ArrayOfDouble>
              <double>0</double>
              <double>0</double>
              <double>0</double>
            </ArrayOfDouble>
            <ArrayOfDouble>
              <double>0</double>
              <double>0</double>
              <double>0</double>
            </ArrayOfDouble>
            <ArrayOfDouble>
              <double>0</double>
              <double>0</double>
              <double>0</double>
            </ArrayOfDouble>
            <ArrayOfDouble>
              <double>0</double>
              <double>0</double>
              <double>0</double>
            </ArrayOfDouble>
            <ArrayOfDouble>
              <double>0</double>
              <double>0</double>
              <double>0</double>
            </ArrayOfDouble>
            <ArrayOfDouble>
              <double>0</double>
              <double>0</double>
              <double>0</double>
            </ArrayOfDouble>
            <ArrayOfDouble>
              <double>0</double>
              <double>0</double>
              <double>0</double>
            </ArrayOfDouble>
            <ArrayOfDouble>
              <double>0</double>
              <double>0</double>
              <double>0</double>
            </ArrayOfDouble>
            <ArrayOfDouble>
              <double>0</double>
              <double>0</double>
              <double>0</double>
            </ArrayOfDouble>
            <ArrayOfDouble>
              <double>0</double>
              <double>0</double>
              <double>0</double>
            </ArrayOfDouble>
            <ArrayOfDouble>
              <double>0</double>
              <double>0</double>
              <double>0</double>
            </ArrayOfDouble>
            <ArrayOfDouble>
              <double>0</double>
              <double>0</double>
              <double>0</double>
            </ArrayOfDouble>
            <ArrayOfDouble>
              <double>0</double>
              <double>0</double>
              <double>0</double>
            </ArrayOfDouble>
            <ArrayOfDouble>
              <double>0</double>
              <double>0</double>
              <double>0</double>
            </ArrayOfDouble>
            <ArrayOfDouble>
              <double>0</double>
              <double>0</double>
              <double>0</double>
            </ArrayOfDouble>
            <ArrayOfDouble>
              <double>0</double>
              <double>0</double>
              <double>0</double>
            </ArrayOfDouble>
            <ArrayOfDouble>
              <double>0</double>
              <double>0</double>
              <double>0</double>
            </ArrayOfDouble>
            <ArrayOfDouble>
              <double>0</double>
              <double>0</double>
              <double>0</double>
            </ArrayOfDouble>
            <ArrayOfDouble>
              <double>0</double>
              <double>0</double>
              <double>0</double>
            </ArrayOfDouble>
            <ArrayOfDouble>
              <double>0</double>
              <double>0</double>
              <double>0</double>
            </ArrayOfDouble>
            <ArrayOfDouble>
              <double>0</double>
              <double>0</double>
              <double>0</double>
            </ArrayOfDouble>
            <ArrayOfDouble>
              <double>0</double>
              <double>0</double>
              <double>0</double>
            </ArrayOfDouble>
            <ArrayOfDouble>
              <double>0</double>
              <double>0</double>
              <double>0</double>
            </ArrayOfDouble>
            <ArrayOfDouble>
              <double>0</double>
              <double>0</double>
              <double>0</double>
            </ArrayOfDouble>
            <ArrayOfDouble>
              <double>0</double>
              <double>0</double>
              <double>0</double>
            </ArrayOfDouble>
            <ArrayOfDouble>
              <double>0</double>
              <double>0</double>
              <double>0</double>
            </ArrayOfDouble>
            <ArrayOfDouble>
              <double>0</double>
              <double>0</double>
              <double>0</double>
            </ArrayOfDouble>
            <ArrayOfDouble>
              <double>0</double>
              <double>0</double>
              <double>0</double>
            </ArrayOfDouble>
            <ArrayOfDouble>
              <double>0</double>
              <double>0</double>
              <double>0</double>
            </ArrayOfDouble>
            <ArrayOfDouble>
              <double>0</double>
              <double>0</double>
              <double>0</double>
            </ArrayOfDouble>
            <ArrayOfDouble>
              <double>0</double>
              <double>0</double>
              <double>0</double>
            </ArrayOfDouble>
            <ArrayOfDouble>
              <double>0</double>
              <double>0</double>
              <double>0</double>
            </ArrayOfDouble>
            <ArrayOfDouble>
              <double>0</double>
              <double>0</double>
              <double>0</double>
            </ArrayOfDouble>
            <ArrayOfDouble>
              <double>0</double>
              <double>0</double>
              <double>0</double>
            </ArrayOfDouble>
            <ArrayOfDouble>
              <double>0</double>
              <double>0</double>
              <double>0</double>
            </ArrayOfDouble>
            <ArrayOfDouble>
              <double>0</double>
              <double>0</double>
              <double>0</double>
            </ArrayOfDouble>
            <ArrayOfDouble>
              <double>0</double>
              <double>0</double>
              <double>0</double>
            </ArrayOfDouble>
            <ArrayOfDouble>
              <double>0</double>
              <double>0</double>
              <double>0</double>
            </ArrayOfDouble>
            <ArrayOfDouble>
              <double>0</double>
              <double>0</double>
              <double>0</double>
            </ArrayOfDouble>
            <ArrayOfDouble>
              <double>0</double>
              <double>0</double>
              <double>0</double>
            </ArrayOfDouble>
            <ArrayOfDouble>
              <double>0</double>
              <double>0</double>
              <double>0</double>
            </ArrayOfDouble>
            <ArrayOfDouble>
              <double>0</double>
              <double>0</double>
              <double>0</double>
            </ArrayOfDouble>
            <ArrayOfDouble>
              <double>0</double>
              <double>0</double>
              <double>0</double>
            </ArrayOfDouble>
            <ArrayOfDouble>
              <double>0</double>
              <double>0</double>
              <double>0</double>
            </ArrayOfDouble>
            <ArrayOfDouble>
              <double>0</double>
              <double>0</double>
              <double>0</double>
            </ArrayOfDouble>
            <ArrayOfDouble>
              <double>0</double>
              <double>0</double>
              <double>0</double>
            </ArrayOfDouble>
            <ArrayOfDouble>
              <double>0</double>
              <double>0</double>
              <double>0</double>
            </ArrayOfDouble>
            <ArrayOfDouble>
              <double>0</double>
              <double>0</double>
              <double>0</double>
            </ArrayOfDouble>
            <ArrayOfDouble>
              <double>0</double>
              <double>0</double>
              <double>0</double>
            </ArrayOfDouble>
            <ArrayOfDouble>
              <double>0</double>
              <double>0</double>
              <double>0</double>
            </ArrayOfDouble>
            <ArrayOfDouble>
              <double>0</double>
              <double>0</double>
              <double>0</double>
            </ArrayOfDouble>
            <ArrayOfDouble>
              <double>0</double>
              <double>0</double>
              <double>0</double>
            </ArrayOfDouble>
            <ArrayOfDouble>
              <double>0</double>
              <double>0</double>
              <double>0</double>
            </ArrayOfDouble>
            <ArrayOfDouble>
              <double>0</double>
              <double>0</double>
              <double>0</double>
            </ArrayOfDouble>
            <ArrayOfDouble>
              <double>0</double>
              <double>0</double>
              <double>0</double>
            </ArrayOfDouble>
            <ArrayOfDouble>
              <double>0</double>
              <double>0</double>
              <double>0</double>
            </ArrayOfDouble>
            <ArrayOfDouble>
              <double>0</double>
              <double>0</double>
              <double>0</double>
            </ArrayOfDouble>
            <ArrayOfDouble>
              <double>0</double>
              <double>0</double>
              <double>0</double>
            </ArrayOfDouble>
            <ArrayOfDouble>
              <double>0</double>
              <double>0</double>
              <double>0</double>
            </ArrayOfDouble>
            <ArrayOfDouble>
              <double>0</double>
              <double>0</double>
              <double>0</double>
            </ArrayOfDouble>
            <ArrayOfDouble>
              <double>0</double>
              <double>0</double>
              <double>0</double>
            </ArrayOfDouble>
            <ArrayOfDouble>
              <double>0</double>
              <double>0</double>
              <double>0</double>
            </ArrayOfDouble>
            <ArrayOfDouble>
              <double>0</double>
              <double>0</double>
              <double>0</double>
            </ArrayOfDouble>
            <ArrayOfDouble>
              <double>0</double>
              <double>0</double>
              <double>0</double>
            </ArrayOfDouble>
            <ArrayOfDouble>
              <double>0</double>
              <double>0</double>
              <double>0</double>
            </ArrayOfDouble>
            <ArrayOfDouble>
              <double>0</double>
              <double>0</double>
              <double>0</double>
            </ArrayOfDouble>
            <ArrayOfDouble>
              <double>0</double>
              <double>0</double>
              <double>0</double>
            </ArrayOfDouble>
            <ArrayOfDouble>
              <double>0</double>
              <double>0</double>
              <double>0</double>
            </ArrayOfDouble>
            <ArrayOfDouble>
              <double>0</double>
              <double>0</double>
              <double>0</double>
            </ArrayOfDouble>
            <ArrayOfDouble>
              <double>0</double>
              <double>0</double>
              <double>0</double>
            </ArrayOfDouble>
            <ArrayOfDouble>
              <double>0</double>
              <double>0</double>
              <double>0</double>
            </ArrayOfDouble>
            <ArrayOfDouble>
              <double>0</double>
              <double>0</double>
              <double>0</double>
            </ArrayOfDouble>
            <ArrayOfDouble>
              <double>0</double>
              <double>0</double>
              <double>0</double>
            </ArrayOfDouble>
            <ArrayOfDouble>
              <double>0</double>
              <double>0</double>
              <double>0</double>
            </ArrayOfDouble>
            <ArrayOfDouble>
              <double>0</double>
              <double>0</double>
              <double>0</double>
            </ArrayOfDouble>
            <ArrayOfDouble>
              <double>0</double>
              <double>0</double>
              <double>0</double>
            </ArrayOfDouble>
            <ArrayOfDouble>
              <double>0</double>
              <double>0</double>
              <double>0</double>
            </ArrayOfDouble>
            <ArrayOfDouble>
              <double>0</double>
              <double>0</double>
              <double>0</double>
            </ArrayOfDouble>
            <ArrayOfDouble>
              <double>0</double>
              <double>0</double>
              <double>0</double>
            </ArrayOfDouble>
          </xC>
          <yC>
            <ArrayOfDouble>
              <double>0</double>
            </ArrayOfDouble>
            <ArrayOfDouble>
              <double>0</double>
            </ArrayOfDouble>
            <ArrayOfDouble>
              <double>0</double>
            </ArrayOfDouble>
            <ArrayOfDouble>
              <double>0</double>
            </ArrayOfDouble>
            <ArrayOfDouble>
              <double>0</double>
            </ArrayOfDouble>
            <ArrayOfDouble>
              <double>0</double>
            </ArrayOfDouble>
            <ArrayOfDouble>
              <double>0</double>
            </ArrayOfDouble>
            <ArrayOfDouble>
              <double>0</double>
            </ArrayOfDouble>
            <ArrayOfDouble>
              <double>0</double>
            </ArrayOfDouble>
            <ArrayOfDouble>
              <double>0</double>
            </ArrayOfDouble>
            <ArrayOfDouble>
              <double>0</double>
            </ArrayOfDouble>
            <ArrayOfDouble>
              <double>0</double>
            </ArrayOfDouble>
            <ArrayOfDouble>
              <double>0</double>
            </ArrayOfDouble>
            <ArrayOfDouble>
              <double>0</double>
            </ArrayOfDouble>
            <ArrayOfDouble>
              <double>0</double>
            </ArrayOfDouble>
            <ArrayOfDouble>
              <double>0</double>
            </ArrayOfDouble>
            <ArrayOfDouble>
              <double>0</double>
            </ArrayOfDouble>
            <ArrayOfDouble>
              <double>0</double>
            </ArrayOfDouble>
            <ArrayOfDouble>
              <double>0</double>
            </ArrayOfDouble>
            <ArrayOfDouble>
              <double>0</double>
            </ArrayOfDouble>
            <ArrayOfDouble>
              <double>0</double>
            </ArrayOfDouble>
            <ArrayOfDouble>
              <double>0</double>
            </ArrayOfDouble>
            <ArrayOfDouble>
              <double>0</double>
            </ArrayOfDouble>
            <ArrayOfDouble>
              <double>0</double>
            </ArrayOfDouble>
            <ArrayOfDouble>
              <double>0</double>
            </ArrayOfDouble>
            <ArrayOfDouble>
              <double>0</double>
            </ArrayOfDouble>
            <ArrayOfDouble>
              <double>0</double>
            </ArrayOfDouble>
            <ArrayOfDouble>
              <double>0</double>
            </ArrayOfDouble>
            <ArrayOfDouble>
              <double>0</double>
            </ArrayOfDouble>
            <ArrayOfDouble>
              <double>0</double>
            </ArrayOfDouble>
            <ArrayOfDouble>
              <double>0</double>
            </ArrayOfDouble>
            <ArrayOfDouble>
              <double>0</double>
            </ArrayOfDouble>
            <ArrayOfDouble>
              <double>0</double>
            </ArrayOfDouble>
            <ArrayOfDouble>
              <double>0</double>
            </ArrayOfDouble>
            <ArrayOfDouble>
              <double>0</double>
            </ArrayOfDouble>
            <ArrayOfDouble>
              <double>0</double>
            </ArrayOfDouble>
            <ArrayOfDouble>
              <double>0</double>
            </ArrayOfDouble>
            <ArrayOfDouble>
              <double>0</double>
            </ArrayOfDouble>
            <ArrayOfDouble>
              <double>0</double>
            </ArrayOfDouble>
            <ArrayOfDouble>
              <double>0</double>
            </ArrayOfDouble>
            <ArrayOfDouble>
              <double>0</double>
            </ArrayOfDouble>
            <ArrayOfDouble>
              <double>0</double>
            </ArrayOfDouble>
            <ArrayOfDouble>
              <double>0</double>
            </ArrayOfDouble>
            <ArrayOfDouble>
              <double>0</double>
            </ArrayOfDouble>
            <ArrayOfDouble>
              <double>0</double>
            </ArrayOfDouble>
            <ArrayOfDouble>
              <double>0</double>
            </ArrayOfDouble>
            <ArrayOfDouble>
              <double>0</double>
            </ArrayOfDouble>
            <ArrayOfDouble>
              <double>0</double>
            </ArrayOfDouble>
            <ArrayOfDouble>
              <double>0</double>
            </ArrayOfDouble>
            <ArrayOfDouble>
              <double>0</double>
            </ArrayOfDouble>
            <ArrayOfDouble>
              <double>0</double>
            </ArrayOfDouble>
            <ArrayOfDouble>
              <double>0</double>
            </ArrayOfDouble>
            <ArrayOfDouble>
              <double>0</double>
            </ArrayOfDouble>
            <ArrayOfDouble>
              <double>0</double>
            </ArrayOfDouble>
            <ArrayOfDouble>
              <double>0</double>
            </ArrayOfDouble>
            <ArrayOfDouble>
              <double>0</double>
            </ArrayOfDouble>
            <ArrayOfDouble>
              <double>0</double>
            </ArrayOfDouble>
            <ArrayOfDouble>
              <double>0</double>
            </ArrayOfDouble>
            <ArrayOfDouble>
              <double>0</double>
            </ArrayOfDouble>
            <ArrayOfDouble>
              <double>0</double>
            </ArrayOfDouble>
            <ArrayOfDouble>
              <double>0</double>
            </ArrayOfDouble>
            <ArrayOfDouble>
              <double>0</double>
            </ArrayOfDouble>
            <ArrayOfDouble>
              <double>0</double>
            </ArrayOfDouble>
            <ArrayOfDouble>
              <double>0</double>
            </ArrayOfDouble>
            <ArrayOfDouble>
              <double>0</double>
            </ArrayOfDouble>
            <ArrayOfDouble>
              <double>0</double>
            </ArrayOfDouble>
            <ArrayOfDouble>
              <double>0</double>
            </ArrayOfDouble>
            <ArrayOfDouble>
              <double>0</double>
            </ArrayOfDouble>
            <ArrayOfDouble>
              <double>0</double>
            </ArrayOfDouble>
            <ArrayOfDouble>
              <double>0</double>
            </ArrayOfDouble>
            <ArrayOfDouble>
              <double>0</double>
            </ArrayOfDouble>
            <ArrayOfDouble>
              <double>0</double>
            </ArrayOfDouble>
            <ArrayOfDouble>
              <double>0</double>
            </ArrayOfDouble>
            <ArrayOfDouble>
              <double>0</double>
            </ArrayOfDouble>
            <ArrayOfDouble>
              <double>0</double>
            </ArrayOfDouble>
            <ArrayOfDouble>
              <double>0</double>
            </ArrayOfDouble>
            <ArrayOfDouble>
              <double>0</double>
            </ArrayOfDouble>
            <ArrayOfDouble>
              <double>0</double>
            </ArrayOfDouble>
            <ArrayOfDouble>
              <double>0</double>
            </ArrayOfDouble>
            <ArrayOfDouble>
              <double>0</double>
            </ArrayOfDouble>
            <ArrayOfDouble>
              <double>0</double>
            </ArrayOfDouble>
            <ArrayOfDouble>
              <double>0</double>
            </ArrayOfDouble>
            <ArrayOfDouble>
              <double>0</double>
            </ArrayOfDouble>
            <ArrayOfDouble>
              <double>0</double>
            </ArrayOfDouble>
            <ArrayOfDouble>
              <double>0</double>
            </ArrayOfDouble>
            <ArrayOfDouble>
              <double>0</double>
            </ArrayOfDouble>
            <ArrayOfDouble>
              <double>0</double>
            </ArrayOfDouble>
            <ArrayOfDouble>
              <double>0</double>
            </ArrayOfDouble>
            <ArrayOfDouble>
              <double>0</double>
            </ArrayOfDouble>
            <ArrayOfDouble>
              <double>0</double>
            </ArrayOfDouble>
            <ArrayOfDouble>
              <double>0</double>
            </ArrayOfDouble>
            <ArrayOfDouble>
              <double>0</double>
            </ArrayOfDouble>
            <ArrayOfDouble>
              <double>0</double>
            </ArrayOfDouble>
            <ArrayOfDouble>
              <double>0</double>
            </ArrayOfDouble>
            <ArrayOfDouble>
              <double>0</double>
            </ArrayOfDouble>
            <ArrayOfDouble>
              <double>0</double>
            </ArrayOfDouble>
            <ArrayOfDouble>
              <double>0</double>
            </ArrayOfDouble>
            <ArrayOfDouble>
              <double>0</double>
            </ArrayOfDouble>
            <ArrayOfDouble>
              <double>0</double>
            </ArrayOfDouble>
            <ArrayOfDouble>
              <double>0</double>
            </ArrayOfDouble>
          </yC>
          <tC>
            <double>0</double>
            <double>0</double>
            <double>0</double>
            <double>0</double>
            <double>0</double>
            <double>0</double>
            <double>0</double>
            <double>0</double>
            <double>0</double>
            <double>0</double>
            <double>0</double>
            <double>0</double>
            <double>0</double>
            <double>0</double>
            <double>0</double>
            <double>0</double>
            <double>0</double>
            <double>0</double>
            <double>0</double>
            <double>0</double>
            <double>0</double>
            <double>0</double>
            <double>0</double>
            <double>0</double>
            <double>0</double>
            <double>0</double>
            <double>0</double>
            <double>0</double>
            <double>0</double>
            <double>0</double>
            <double>0</double>
            <double>0</double>
            <double>0</double>
            <double>0</double>
            <double>0</double>
            <double>0</double>
            <double>0</double>
            <double>0</double>
            <double>0</double>
            <double>0</double>
            <double>0</double>
            <double>0</double>
            <double>0</double>
            <double>0</double>
            <double>0</double>
            <double>0</double>
            <double>0</double>
            <double>0</double>
            <double>0</double>
            <double>0</double>
            <double>0</double>
            <double>0</double>
            <double>0</double>
            <double>0</double>
            <double>0</double>
            <double>0</double>
            <double>0</double>
            <double>0</double>
            <double>0</double>
            <double>0</double>
            <double>0</double>
            <double>0</double>
            <double>0</double>
            <double>0</double>
            <double>0</double>
            <double>0</double>
            <double>0</double>
            <double>0</double>
            <double>0</double>
            <double>0</double>
            <double>0</double>
            <double>0</double>
            <double>0</double>
            <double>0</double>
            <double>0</double>
            <double>0</double>
            <double>0</double>
            <double>0</double>
            <double>0</double>
            <double>0</double>
            <double>0</double>
            <double>0</double>
            <double>0</double>
            <double>0</double>
            <double>0</double>
            <double>0</double>
            <double>0</double>
            <double>0</double>
            <double>0</double>
            <double>0</double>
            <double>0</double>
            <double>0</double>
            <double>0</double>
            <double>0</double>
            <double>0</double>
            <double>0</double>
            <double>0</double>
            <double>0</double>
            <double>0</double>
            <double>0</double>
          </tC>
        </СlusterСenters>
      <Node>
        <!--список имен параметров для обработки кластером (аргументы)-->
        <InputVariables>P02;T01</InputVariables>
        <!--список имен параметров для обработки кластером (ординаты-функции)-->
        <OutputVariables>P02</OutputVariables>
        <!--список значение параметров для предсказания кластером (аргументы)-->
        <InputPredictValue>100;25</InputPredictValue>
        <!--список имен параметров результатов предсказания кластером-->
        <OutputPredictName>P02</OutputPredictName>
        <NodeDecimation>100</NodeDecimation>
        <FuncID>functionname</FuncID>
        <Alpha>0.5</Alpha>
        <ClusterCentersStorageName>ClusterCenters_FuncID.xml</ClusterCentersStorageName>
        <NumberOfClusters>100</NumberOfClusters>
        <Beta>0.1</Beta>
        <IterationMax>100</IterationMax>
        <DeltaErrMax>0.05</DeltaErrMax>
        <StorageName>HistoryStorageName_FuncID.xml</StorageName>
        <RequireedRecordsNumberForClusterization>0</RequireedRecordsNumberForClusterization>
        <RequireedRecordsNumberForInitialClusterization>302400</RequireedRecordsNumberForInitialClusterization>
        <MaxRecordsNumberForClusterization>0</MaxRecordsNumberForClusterization>
        <СlusterСenters>
          <xC>
            <ArrayOfDouble>
              <double>0</double>
              <double>0</double>
              <double>0</double>
            </ArrayOfDouble>
            <ArrayOfDouble>
              <double>0</double>
              <double>0</double>
              <double>0</double>
            </ArrayOfDouble>
            <ArrayOfDouble>
              <double>0</double>
              <double>0</double>
              <double>0</double>
            </ArrayOfDouble>
            <ArrayOfDouble>
              <double>0</double>
              <double>0</double>
              <double>0</double>
            </ArrayOfDouble>
            <ArrayOfDouble>
              <double>0</double>
              <double>0</double>
              <double>0</double>
            </ArrayOfDouble>
            <ArrayOfDouble>
              <double>0</double>
              <double>0</double>
              <double>0</double>
            </ArrayOfDouble>
            <ArrayOfDouble>
              <double>0</double>
              <double>0</double>
              <double>0</double>
            </ArrayOfDouble>
            <ArrayOfDouble>
              <double>0</double>
              <double>0</double>
              <double>0</double>
            </ArrayOfDouble>
            <ArrayOfDouble>
              <double>0</double>
              <double>0</double>
              <double>0</double>
            </ArrayOfDouble>
            <ArrayOfDouble>
              <double>0</double>
              <double>0</double>
              <double>0</double>
            </ArrayOfDouble>
            <ArrayOfDouble>
              <double>0</double>
              <double>0</double>
              <double>0</double>
            </ArrayOfDouble>
            <ArrayOfDouble>
              <double>0</double>
              <double>0</double>
              <double>0</double>
            </ArrayOfDouble>
            <ArrayOfDouble>
              <double>0</double>
              <double>0</double>
              <double>0</double>
            </ArrayOfDouble>
            <ArrayOfDouble>
              <double>0</double>
              <double>0</double>
              <double>0</double>
            </ArrayOfDouble>
            <ArrayOfDouble>
              <double>0</double>
              <double>0</double>
              <double>0</double>
            </ArrayOfDouble>
            <ArrayOfDouble>
              <double>0</double>
              <double>0</double>
              <double>0</double>
            </ArrayOfDouble>
            <ArrayOfDouble>
              <double>0</double>
              <double>0</double>
              <double>0</double>
            </ArrayOfDouble>
            <ArrayOfDouble>
              <double>0</double>
              <double>0</double>
              <double>0</double>
            </ArrayOfDouble>
            <ArrayOfDouble>
              <double>0</double>
              <double>0</double>
              <double>0</double>
            </ArrayOfDouble>
            <ArrayOfDouble>
              <double>0</double>
              <double>0</double>
              <double>0</double>
            </ArrayOfDouble>
            <ArrayOfDouble>
              <double>0</double>
              <double>0</double>
              <double>0</double>
            </ArrayOfDouble>
            <ArrayOfDouble>
              <double>0</double>
              <double>0</double>
              <double>0</double>
            </ArrayOfDouble>
            <ArrayOfDouble>
              <double>0</double>
              <double>0</double>
              <double>0</double>
            </ArrayOfDouble>
            <ArrayOfDouble>
              <double>0</double>
              <double>0</double>
              <double>0</double>
            </ArrayOfDouble>
            <ArrayOfDouble>
              <double>0</double>
              <double>0</double>
              <double>0</double>
            </ArrayOfDouble>
            <ArrayOfDouble>
              <double>0</double>
              <double>0</double>
              <double>0</double>
            </ArrayOfDouble>
            <ArrayOfDouble>
              <double>0</double>
              <double>0</double>
              <double>0</double>
            </ArrayOfDouble>
            <ArrayOfDouble>
              <double>0</double>
              <double>0</double>
              <double>0</double>
            </ArrayOfDouble>
            <ArrayOfDouble>
              <double>0</double>
              <double>0</double>
              <double>0</double>
            </ArrayOfDouble>
            <ArrayOfDouble>
              <double>0</double>
              <double>0</double>
              <double>0</double>
            </ArrayOfDouble>
            <ArrayOfDouble>
              <double>0</double>
              <double>0</double>
              <double>0</double>
            </ArrayOfDouble>
            <ArrayOfDouble>
              <double>0</double>
              <double>0</double>
              <double>0</double>
            </ArrayOfDouble>
            <ArrayOfDouble>
              <double>0</double>
              <double>0</double>
              <double>0</double>
            </ArrayOfDouble>
            <ArrayOfDouble>
              <double>0</double>
              <double>0</double>
              <double>0</double>
            </ArrayOfDouble>
            <ArrayOfDouble>
              <double>0</double>
              <double>0</double>
              <double>0</double>
            </ArrayOfDouble>
            <ArrayOfDouble>
              <double>0</double>
              <double>0</double>
              <double>0</double>
            </ArrayOfDouble>
            <ArrayOfDouble>
              <double>0</double>
              <double>0</double>
              <double>0</double>
            </ArrayOfDouble>
            <ArrayOfDouble>
              <double>0</double>
              <double>0</double>
              <double>0</double>
            </ArrayOfDouble>
            <ArrayOfDouble>
              <double>0</double>
              <double>0</double>
              <double>0</double>
            </ArrayOfDouble>
            <ArrayOfDouble>
              <double>0</double>
              <double>0</double>
              <double>0</double>
            </ArrayOfDouble>
            <ArrayOfDouble>
              <double>0</double>
              <double>0</double>
              <double>0</double>
            </ArrayOfDouble>
            <ArrayOfDouble>
              <double>0</double>
              <double>0</double>
              <double>0</double>
            </ArrayOfDouble>
            <ArrayOfDouble>
              <double>0</double>
              <double>0</double>
              <double>0</double>
            </ArrayOfDouble>
            <ArrayOfDouble>
              <double>0</double>
              <double>0</double>
              <double>0</double>
            </ArrayOfDouble>
            <ArrayOfDouble>
              <double>0</double>
              <double>0</double>
              <double>0</double>
            </ArrayOfDouble>
            <ArrayOfDouble>
              <double>0</double>
              <double>0</double>
              <double>0</double>
            </ArrayOfDouble>
            <ArrayOfDouble>
              <double>0</double>
              <double>0</double>
              <double>0</double>
            </ArrayOfDouble>
            <ArrayOfDouble>
              <double>0</double>
              <double>0</double>
              <double>0</double>
            </ArrayOfDouble>
            <ArrayOfDouble>
              <double>0</double>
              <double>0</double>
              <double>0</double>
            </ArrayOfDouble>
            <ArrayOfDouble>
              <double>0</double>
              <double>0</double>
              <double>0</double>
            </ArrayOfDouble>
            <ArrayOfDouble>
              <double>0</double>
              <double>0</double>
              <double>0</double>
            </ArrayOfDouble>
            <ArrayOfDouble>
              <double>0</double>
              <double>0</double>
              <double>0</double>
            </ArrayOfDouble>
            <ArrayOfDouble>
              <double>0</double>
              <double>0</double>
              <double>0</double>
            </ArrayOfDouble>
            <ArrayOfDouble>
              <double>0</double>
              <double>0</double>
              <double>0</double>
            </ArrayOfDouble>
            <ArrayOfDouble>
              <double>0</double>
              <double>0</double>
              <double>0</double>
            </ArrayOfDouble>
            <ArrayOfDouble>
              <double>0</double>
              <double>0</double>
              <double>0</double>
            </ArrayOfDouble>
            <ArrayOfDouble>
              <double>0</double>
              <double>0</double>
              <double>0</double>
            </ArrayOfDouble>
            <ArrayOfDouble>
              <double>0</double>
              <double>0</double>
              <double>0</double>
            </ArrayOfDouble>
            <ArrayOfDouble>
              <double>0</double>
              <double>0</double>
              <double>0</double>
            </ArrayOfDouble>
            <ArrayOfDouble>
              <double>0</double>
              <double>0</double>
              <double>0</double>
            </ArrayOfDouble>
            <ArrayOfDouble>
              <double>0</double>
              <double>0</double>
              <double>0</double>
            </ArrayOfDouble>
            <ArrayOfDouble>
              <double>0</double>
              <double>0</double>
              <double>0</double>
            </ArrayOfDouble>
            <ArrayOfDouble>
              <double>0</double>
              <double>0</double>
              <double>0</double>
            </ArrayOfDouble>
            <ArrayOfDouble>
              <double>0</double>
              <double>0</double>
              <double>0</double>
            </ArrayOfDouble>
            <ArrayOfDouble>
              <double>0</double>
              <double>0</double>
              <double>0</double>
            </ArrayOfDouble>
            <ArrayOfDouble>
              <double>0</double>
              <double>0</double>
              <double>0</double>
            </ArrayOfDouble>
            <ArrayOfDouble>
              <double>0</double>
              <double>0</double>
              <double>0</double>
            </ArrayOfDouble>
            <ArrayOfDouble>
              <double>0</double>
              <double>0</double>
              <double>0</double>
            </ArrayOfDouble>
            <ArrayOfDouble>
              <double>0</double>
              <double>0</double>
              <double>0</double>
            </ArrayOfDouble>
            <ArrayOfDouble>
              <double>0</double>
              <double>0</double>
              <double>0</double>
            </ArrayOfDouble>
            <ArrayOfDouble>
              <double>0</double>
              <double>0</double>
              <double>0</double>
            </ArrayOfDouble>
            <ArrayOfDouble>
              <double>0</double>
              <double>0</double>
              <double>0</double>
            </ArrayOfDouble>
            <ArrayOfDouble>
              <double>0</double>
              <double>0</double>
              <double>0</double>
            </ArrayOfDouble>
            <ArrayOfDouble>
              <double>0</double>
              <double>0</double>
              <double>0</double>
            </ArrayOfDouble>
            <ArrayOfDouble>
              <double>0</double>
              <double>0</double>
              <double>0</double>
            </ArrayOfDouble>
            <ArrayOfDouble>
              <double>0</double>
              <double>0</double>
              <double>0</double>
            </ArrayOfDouble>
            <ArrayOfDouble>
              <double>0</double>
              <double>0</double>
              <double>0</double>
            </ArrayOfDouble>
            <ArrayOfDouble>
              <double>0</double>
              <double>0</double>
              <double>0</double>
            </ArrayOfDouble>
            <ArrayOfDouble>
              <double>0</double>
              <double>0</double>
              <double>0</double>
            </ArrayOfDouble>
            <ArrayOfDouble>
              <double>0</double>
              <double>0</double>
              <double>0</double>
            </ArrayOfDouble>
            <ArrayOfDouble>
              <double>0</double>
              <double>0</double>
              <double>0</double>
            </ArrayOfDouble>
            <ArrayOfDouble>
              <double>0</double>
              <double>0</double>
              <double>0</double>
            </ArrayOfDouble>
            <ArrayOfDouble>
              <double>0</double>
              <double>0</double>
              <double>0</double>
            </ArrayOfDouble>
            <ArrayOfDouble>
              <double>0</double>
              <double>0</double>
              <double>0</double>
            </ArrayOfDouble>
            <ArrayOfDouble>
              <double>0</double>
              <double>0</double>
              <double>0</double>
            </ArrayOfDouble>
            <ArrayOfDouble>
              <double>0</double>
              <double>0</double>
              <double>0</double>
            </ArrayOfDouble>
            <ArrayOfDouble>
              <double>0</double>
              <double>0</double>
              <double>0</double>
            </ArrayOfDouble>
            <ArrayOfDouble>
              <double>0</double>
              <double>0</double>
              <double>0</double>
            </ArrayOfDouble>
            <ArrayOfDouble>
              <double>0</double>
              <double>0</double>
              <double>0</double>
            </ArrayOfDouble>
            <ArrayOfDouble>
              <double>0</double>
              <double>0</double>
              <double>0</double>
            </ArrayOfDouble>
            <ArrayOfDouble>
              <double>0</double>
              <double>0</double>
              <double>0</double>
            </ArrayOfDouble>
            <ArrayOfDouble>
              <double>0</double>
              <double>0</double>
              <double>0</double>
            </ArrayOfDouble>
            <ArrayOfDouble>
              <double>0</double>
              <double>0</double>
              <double>0</double>
            </ArrayOfDouble>
            <ArrayOfDouble>
              <double>0</double>
              <double>0</double>
              <double>0</double>
            </ArrayOfDouble>
            <ArrayOfDouble>
              <double>0</double>
              <double>0</double>
              <double>0</double>
            </ArrayOfDouble>
            <ArrayOfDouble>
              <double>0</double>
              <double>0</double>
              <double>0</double>
            </ArrayOfDouble>
            <ArrayOfDouble>
              <double>0</double>
              <double>0</double>
              <double>0</double>
            </ArrayOfDouble>
            <ArrayOfDouble>
              <double>0</double>
              <double>0</double>
              <double>0</double>
            </ArrayOfDouble>
            <ArrayOfDouble>
              <double>0</double>
              <double>0</double>
              <double>0</double>
            </ArrayOfDouble>
            <ArrayOfDouble>
              <double>0</double>
              <double>0</double>
              <double>0</double>
            </ArrayOfDouble>
          </xC>
          <yC>
            <ArrayOfDouble>
              <double>0</double>
            </ArrayOfDouble>
            <ArrayOfDouble>
              <double>0</double>
            </ArrayOfDouble>
            <ArrayOfDouble>
              <double>0</double>
            </ArrayOfDouble>
            <ArrayOfDouble>
              <double>0</double>
            </ArrayOfDouble>
            <ArrayOfDouble>
              <double>0</double>
            </ArrayOfDouble>
            <ArrayOfDouble>
              <double>0</double>
            </ArrayOfDouble>
            <ArrayOfDouble>
              <double>0</double>
            </ArrayOfDouble>
            <ArrayOfDouble>
              <double>0</double>
            </ArrayOfDouble>
            <ArrayOfDouble>
              <double>0</double>
            </ArrayOfDouble>
            <ArrayOfDouble>
              <double>0</double>
            </ArrayOfDouble>
            <ArrayOfDouble>
              <double>0</double>
            </ArrayOfDouble>
            <ArrayOfDouble>
              <double>0</double>
            </ArrayOfDouble>
            <ArrayOfDouble>
              <double>0</double>
            </ArrayOfDouble>
            <ArrayOfDouble>
              <double>0</double>
            </ArrayOfDouble>
            <ArrayOfDouble>
              <double>0</double>
            </ArrayOfDouble>
            <ArrayOfDouble>
              <double>0</double>
            </ArrayOfDouble>
            <ArrayOfDouble>
              <double>0</double>
            </ArrayOfDouble>
            <ArrayOfDouble>
              <double>0</double>
            </ArrayOfDouble>
            <ArrayOfDouble>
              <double>0</double>
            </ArrayOfDouble>
            <ArrayOfDouble>
              <double>0</double>
            </ArrayOfDouble>
            <ArrayOfDouble>
              <double>0</double>
            </ArrayOfDouble>
            <ArrayOfDouble>
              <double>0</double>
            </ArrayOfDouble>
            <ArrayOfDouble>
              <double>0</double>
            </ArrayOfDouble>
            <ArrayOfDouble>
              <double>0</double>
            </ArrayOfDouble>
            <ArrayOfDouble>
              <double>0</double>
            </ArrayOfDouble>
            <ArrayOfDouble>
              <double>0</double>
            </ArrayOfDouble>
            <ArrayOfDouble>
              <double>0</double>
            </ArrayOfDouble>
            <ArrayOfDouble>
              <double>0</double>
            </ArrayOfDouble>
            <ArrayOfDouble>
              <double>0</double>
            </ArrayOfDouble>
            <ArrayOfDouble>
              <double>0</double>
            </ArrayOfDouble>
            <ArrayOfDouble>
              <double>0</double>
            </ArrayOfDouble>
            <ArrayOfDouble>
              <double>0</double>
            </ArrayOfDouble>
            <ArrayOfDouble>
              <double>0</double>
            </ArrayOfDouble>
            <ArrayOfDouble>
              <double>0</double>
            </ArrayOfDouble>
            <ArrayOfDouble>
              <double>0</double>
            </ArrayOfDouble>
            <ArrayOfDouble>
              <double>0</double>
            </ArrayOfDouble>
            <ArrayOfDouble>
              <double>0</double>
            </ArrayOfDouble>
            <ArrayOfDouble>
              <double>0</double>
            </ArrayOfDouble>
            <ArrayOfDouble>
              <double>0</double>
            </ArrayOfDouble>
            <ArrayOfDouble>
              <double>0</double>
            </ArrayOfDouble>
            <ArrayOfDouble>
              <double>0</double>
            </ArrayOfDouble>
            <ArrayOfDouble>
              <double>0</double>
            </ArrayOfDouble>
            <ArrayOfDouble>
              <double>0</double>
            </ArrayOfDouble>
            <ArrayOfDouble>
              <double>0</double>
            </ArrayOfDouble>
            <ArrayOfDouble>
              <double>0</double>
            </ArrayOfDouble>
            <ArrayOfDouble>
              <double>0</double>
            </ArrayOfDouble>
            <ArrayOfDouble>
              <double>0</double>
            </ArrayOfDouble>
            <ArrayOfDouble>
              <double>0</double>
            </ArrayOfDouble>
            <ArrayOfDouble>
              <double>0</double>
            </ArrayOfDouble>
            <ArrayOfDouble>
              <double>0</double>
            </ArrayOfDouble>
            <ArrayOfDouble>
              <double>0</double>
            </ArrayOfDouble>
            <ArrayOfDouble>
              <double>0</double>
            </ArrayOfDouble>
            <ArrayOfDouble>
              <double>0</double>
            </ArrayOfDouble>
            <ArrayOfDouble>
              <double>0</double>
            </ArrayOfDouble>
            <ArrayOfDouble>
              <double>0</double>
            </ArrayOfDouble>
            <ArrayOfDouble>
              <double>0</double>
            </ArrayOfDouble>
            <ArrayOfDouble>
              <double>0</double>
            </ArrayOfDouble>
            <ArrayOfDouble>
              <double>0</double>
            </ArrayOfDouble>
            <ArrayOfDouble>
              <double>0</double>
            </ArrayOfDouble>
            <ArrayOfDouble>
              <double>0</double>
            </ArrayOfDouble>
            <ArrayOfDouble>
              <double>0</double>
            </ArrayOfDouble>
            <ArrayOfDouble>
              <double>0</double>
            </ArrayOfDouble>
            <ArrayOfDouble>
              <double>0</double>
            </ArrayOfDouble>
            <ArrayOfDouble>
              <double>0</double>
            </ArrayOfDouble>
            <ArrayOfDouble>
              <double>0</double>
            </ArrayOfDouble>
            <ArrayOfDouble>
              <double>0</double>
            </ArrayOfDouble>
            <ArrayOfDouble>
              <double>0</double>
            </ArrayOfDouble>
            <ArrayOfDouble>
              <double>0</double>
            </ArrayOfDouble>
            <ArrayOfDouble>
              <double>0</double>
            </ArrayOfDouble>
            <ArrayOfDouble>
              <double>0</double>
            </ArrayOfDouble>
            <ArrayOfDouble>
              <double>0</double>
            </ArrayOfDouble>
            <ArrayOfDouble>
              <double>0</double>
            </ArrayOfDouble>
            <ArrayOfDouble>
              <double>0</double>
            </ArrayOfDouble>
            <ArrayOfDouble>
              <double>0</double>
            </ArrayOfDouble>
            <ArrayOfDouble>
              <double>0</double>
            </ArrayOfDouble>
            <ArrayOfDouble>
              <double>0</double>
            </ArrayOfDouble>
            <ArrayOfDouble>
              <double>0</double>
            </ArrayOfDouble>
            <ArrayOfDouble>
              <double>0</double>
            </ArrayOfDouble>
            <ArrayOfDouble>
              <double>0</double>
            </ArrayOfDouble>
            <ArrayOfDouble>
              <double>0</double>
            </ArrayOfDouble>
            <ArrayOfDouble>
              <double>0</double>
            </ArrayOfDouble>
            <ArrayOfDouble>
              <double>0</double>
            </ArrayOfDouble>
            <ArrayOfDouble>
              <double>0</double>
            </ArrayOfDouble>
            <ArrayOfDouble>
              <double>0</double>
            </ArrayOfDouble>
            <ArrayOfDouble>
              <double>0</double>
            </ArrayOfDouble>
            <ArrayOfDouble>
              <double>0</double>
            </ArrayOfDouble>
            <ArrayOfDouble>
              <double>0</double>
            </ArrayOfDouble>
            <ArrayOfDouble>
              <double>0</double>
            </ArrayOfDouble>
            <ArrayOfDouble>
              <double>0</double>
            </ArrayOfDouble>
            <ArrayOfDouble>
              <double>0</double>
            </ArrayOfDouble>
            <ArrayOfDouble>
              <double>0</double>
            </ArrayOfDouble>
            <ArrayOfDouble>
              <double>0</double>
            </ArrayOfDouble>
            <ArrayOfDouble>
              <double>0</double>
            </ArrayOfDouble>
            <ArrayOfDouble>
              <double>0</double>
            </ArrayOfDouble>
            <ArrayOfDouble>
              <double>0</double>
            </ArrayOfDouble>
            <ArrayOfDouble>
              <double>0</double>
            </ArrayOfDouble>
            <ArrayOfDouble>
              <double>0</double>
            </ArrayOfDouble>
            <ArrayOfDouble>
              <double>0</double>
            </ArrayOfDouble>
            <ArrayOfDouble>
              <double>0</double>
            </ArrayOfDouble>
            <ArrayOfDouble>
              <double>0</double>
            </ArrayOfDouble>
          </yC>
          <tC>
            <double>0</double>
            <double>0</double>
            <double>0</double>
            <double>0</double>
            <double>0</double>
            <double>0</double>
            <double>0</double>
            <double>0</double>
            <double>0</double>
            <double>0</double>
            <double>0</double>
            <double>0</double>
            <double>0</double>
            <double>0</double>
            <double>0</double>
            <double>0</double>
            <double>0</double>
            <double>0</double>
            <double>0</double>
            <double>0</double>
            <double>0</double>
            <double>0</double>
            <double>0</double>
            <double>0</double>
            <double>0</double>
            <double>0</double>
            <double>0</double>
            <double>0</double>
            <double>0</double>
            <double>0</double>
            <double>0</double>
            <double>0</double>
            <double>0</double>
            <double>0</double>
            <double>0</double>
            <double>0</double>
            <double>0</double>
            <double>0</double>
            <double>0</double>
            <double>0</double>
            <double>0</double>
            <double>0</double>
            <double>0</double>
            <double>0</double>
            <double>0</double>
            <double>0</double>
            <double>0</double>
            <double>0</double>
            <double>0</double>
            <double>0</double>
            <double>0</double>
            <double>0</double>
            <double>0</double>
            <double>0</double>
            <double>0</double>
            <double>0</double>
            <double>0</double>
            <double>0</double>
            <double>0</double>
            <double>0</double>
            <double>0</double>
            <double>0</double>
            <double>0</double>
            <double>0</double>
            <double>0</double>
            <double>0</double>
            <double>0</double>
            <double>0</double>
            <double>0</double>
            <double>0</double>
            <double>0</double>
            <double>0</double>
            <double>0</double>
            <double>0</double>
            <double>0</double>
            <double>0</double>
            <double>0</double>
            <double>0</double>
            <double>0</double>
            <double>0</double>
            <double>0</double>
            <double>0</double>
            <double>0</double>
            <double>0</double>
            <double>0</double>
            <double>0</double>
            <double>0</double>
            <double>0</double>
            <double>0</double>
            <double>0</double>
            <double>0</double>
            <double>0</double>
            <double>0</double>
            <double>0</double>
            <double>0</double>
            <double>0</double>
            <double>0</double>
            <double>0</double>
            <double>0</double>
            <double>0</double>
          </tC>
        </СlusterСenters>
      </Node></Node>
      
    </Nodes>
  </ClustersSetting>
</MethodicConfig>










