﻿<?xml version="1.0" encoding="utf-8"?>
<ArrayOfMetodic xmlns:xsi="http://www.w3.org/2001/XMLSchema-instance" xmlns:xsd="http://www.w3.org/2001/XMLSchema">
  <Metodic>
    <LogLevel>DEBUG</LogLevel>
    <!--Конфигурация расчетов энергоэффективности по методике СТО Газпром 2-3.5-113-2007 - «Методика оценки энергоэффективности газотранспортных объектов и систем»-->
    <Name>Metodic_GP_2_35_113_2007</Name>
    <!--Параметр задает модель агрегата для которой соответствует данная методика-->
    <AssetModelID>-1</AssetModelID>
    <!--Общие характеристики модели методики для всех агрегатов-->
    <Common>
      <!--Входы системы-->
      <Inputs>
        <!--Температура окружающего воздуха-->
        <Input0>R13*20+10</Input0>
        <!--Атмосферное бараметрическое давление-->
        <Input1>R13</Input1>
        <!--Скорость вращения ротора низкого давления (двухвальная машина) или ротора ГТУ (одновальная)-->
        <Input2>R13</Input2>
        <!--Скорость вращения ротора высокого давления (двухвальная машина).К одновальным не применимо.-->
        <Input3>R13</Input3>
        <!--Скорость вращения ротора нагнетателя-->
        <Input4>R13</Input4>
        <!--Температура газа на входе нагнетателя-->
        <Input5>R13</Input5>
        <Input6>R13</Input6>
        <Input7>R13</Input7>
        <Input8>R13</Input8>
        <Input9>R13</Input9>
        <Input10>R13</Input10>
        <Input11>R13</Input11>
      </Inputs>
      <!--Выходы, куда модуль будет записывать результаты расчетов.-->
      <Outputs>
        <!--Политропный КПД-->
        <Output0>R13</Output0>
        <!--Отфильтрованный политропный КПД-->
        <Output1>R13</Output1>
      </Outputs>
      <!--Определяется, какие Tab Pages на вкладке Параметрическая диагностика, будут отображаться-->
      <Views>
        <!--Начальная дата с которой отображаются и обрабатываются данные-->
        <BeginDate>2015-12-01T00:00:00</BeginDate>
        <!--Страница: КТС ЦБН-->
        <Page1>
          <Enable>True</Enable>
          <Min_X>0</Min_X>
          <Max_X>2</Max_X>
          <Min_Y>0</Min_Y>
          <Max_Y>1000</Max_Y>
        </Page1>
        <!--Страница: КТС ГТУ по мощности (от t)-->
        <Page2>
          <Enable>True</Enable>
          <Min_X>0</Min_X>
          <Max_X>2</Max_X>
          <Min_Y>0</Min_Y>
          <Max_Y>1000</Max_Y>
        </Page2>
        <!--Страница: КТС ГТУ по мощности (от n)-->
        <Page3>
          <Enable>True</Enable>
          <Min_X>0</Min_X>
          <Max_X>2</Max_X>
          <Min_Y>0</Min_Y>
          <Max_Y>1000</Max_Y>
        </Page3>
        <!--Страница: КТС ГТУ по расходу топливного газа-->
        <Page4>
          <Enable>True</Enable>
          <Min_X>0</Min_X>
          <Max_X>2</Max_X>
          <Min_Y>0</Min_Y>
          <Max_Y>1000</Max_Y>
        </Page4>
      </Views>
      <!--Параметры методики по умолчанию-->
      <Defaults>
        <!--Параметры расчетов для методики по умолчанию-->
        <MethodicConfig>
          <!--*****блока проверки (обработки) входных сигналов и определения установившихся режимов-->
          <InputsSettings>
            <!--длительность  установившегося режима, с-->
            <TimeSteady>300</TimeSteady>
            <!--минимально допустимое время между установившимися режимами, с-->
            <TimeSteadyShift>3600</TimeSteadyShift>
            <!--****настройка обработки параметров входных сигналов-->
            <!--Attribute = 0/1/2 (-1-используем значение по умолчагию;0 - не используем сигнал; 1 - используется ; 2- для некоторых сигналов дополнительная логика)-->
            <!-- Min/Max  - минимальное/максимальное допустимое значение сигнала-->
            <!-- ModeDetectorMin  - минимальное значение сигнала для Mode Detector-->
            <!--ModeDetectorDelta - максимальное отклонение на установившемся режиме-->
            <!-- если значение для всех не цифровое то параметер не рассматривается-->
            <Inputs>
              <Input ID="1">
                <!-- Атмосферное давление, МПа-->
                <Attribute>-2</Attribute>
                <Min>*</Min>
                <Max>*</Max>
                <ModeDetectorMin>*</ModeDetectorMin>
                <ModeDetectorDelta>*</ModeDetectorDelta>
              <DefaultValue>0.101325</DefaultValue></Input>
              <Input ID="2">
                <!-- Скорость вращения ротора низкого давления, об/мин-->
                <Attribute>1</Attribute>
                <Min>*</Min>
                <Max>*</Max>
                <ModeDetectorMin>5000</ModeDetectorMin>
                <ModeDetectorDelta>30</ModeDetectorDelta>
              <DefaultValue>7</DefaultValue></Input>
              <Input ID="3">
                <!-- Скорость вращения ротора высокого давления, об/мин-->
                <Attribute>1</Attribute>
                <Min>*</Min>
                <Max>*</Max>
                <ModeDetectorMin>7000</ModeDetectorMin>
                <ModeDetectorDelta>30</ModeDetectorDelta>
              <DefaultValue>7</DefaultValue></Input>
              <Input ID="4">
                <!-- Скорость вращения ротора нагнетателя, об/мин-->
                <Attribute>1</Attribute>
                <Min>*</Min>
                <Max>*</Max>
                <ModeDetectorMin>3000</ModeDetectorMin>
                <ModeDetectorDelta>30</ModeDetectorDelta>
              <DefaultValue>7</DefaultValue></Input>
              <Input ID="5">
                <!-- Температура газа на входе в нагнетатель, С-->
                <Attribute>1</Attribute>
                <Min>*</Min>
                <Max>*</Max>
                <ModeDetectorMin>*</ModeDetectorMin>
                <ModeDetectorDelta>0.4</ModeDetectorDelta>
              <DefaultValue>7</DefaultValue></Input>
              <Input ID="6">
                <!-- Температура газа на выходе из нагнетателя, С-->
                <Attribute>1</Attribute>
                <Min>*</Min>
                <Max>*</Max>
                <ModeDetectorMin>*</ModeDetectorMin>
                <ModeDetectorDelta>0.4</ModeDetectorDelta>
              <DefaultValue>7</DefaultValue></Input>
              <Input ID="7">
                                                                                                                                                              <!-- Избыточное давление на входе нагнетателя, МПа-->
                <Attribute>1</Attribute>
                <Min>*</Min>
                <Max>*</Max>
                <ModeDetectorMin>*</ModeDetectorMin>
                <ModeDetectorDelta>*</ModeDetectorDelta>
              <DefaultValue>7</DefaultValue></Input>
              <Input ID="8">
                <!-- Избыточное давление на выходе нагнетателя, МПа-->
                <Attribute>1</Attribute>
                <Min>*</Min>
                <Max>*</Max>
                <ModeDetectorMin>*</ModeDetectorMin>
                <ModeDetectorDelta>*</ModeDetectorDelta>
              <DefaultValue>7</DefaultValue></Input>
              <Input ID="9">
                <!-- Перепад давления на входном конфузоре ЦБН, кПа-->
                <Attribute>1</Attribute>
                <Min>*</Min>
                <Max>*</Max>
                <ModeDetectorMin>*</ModeDetectorMin>
                <ModeDetectorDelta>*</ModeDetectorDelta>
              <DefaultValue>20</DefaultValue></Input>
              <Input ID="10">
                <!-- Температура на входе в осевой компрессор (t3). (температура на входе в ГТД), С-->
                <Attribute>1</Attribute>
                <Min>*</Min>
                <Max>*</Max>
                <ModeDetectorMin>*</ModeDetectorMin>
                <ModeDetectorDelta>5</ModeDetectorDelta>
              <DefaultValue>7</DefaultValue></Input>
              <Input ID="11">
                <!-- Расчетная температура за ГГ. (Температура за ТНД ГТД), С-->
                <Attribute>1</Attribute>
                <Min>*</Min>
                <Max>*</Max>
                <ModeDetectorMin>350</ModeDetectorMin>
                <ModeDetectorDelta>10</ModeDetectorDelta>
              <DefaultValue>7</DefaultValue></Input>
              <Input ID="12">
                <!-- Расход газа через ЦБН, взятый с САУ, кг/c (м3c)-->
                <Attribute>0</Attribute>
                <Min>*</Min>
                <Max>*</Max>
                <ModeDetectorMin>*</ModeDetectorMin>
                <ModeDetectorDelta>*</ModeDetectorDelta>
              <DefaultValue>7</DefaultValue></Input>
              <Input ID="13">
                <!-- Температура топливного газа, С-->
                <Attribute>1</Attribute>
                <Min>*</Min>
                <Max>*</Max>
                <ModeDetectorMin>*</ModeDetectorMin>
                <ModeDetectorDelta>*</ModeDetectorDelta>
              <DefaultValue>0</DefaultValue></Input>
              <Input ID="14">
                <!-- Избыточное давление топливного газа, МПа-->
                <Attribute>1</Attribute>
                <Min>*</Min>
                <Max>*</Max>
                <ModeDetectorMin>*</ModeDetectorMin>
                <ModeDetectorDelta>*</ModeDetectorDelta>
              <DefaultValue>0</DefaultValue></Input>
              <Input ID="15">
                <!-- Перепад давления на диафрагме топливного газа, кПа-->
                <Attribute>0</Attribute>
                <Min>*</Min>
                <Max>*</Max>
                <ModeDetectorMin>*</ModeDetectorMin>
                <ModeDetectorDelta>*</ModeDetectorDelta>
              <DefaultValue>0</DefaultValue></Input>
              <Input ID="16">
                <!-- Расход топливного газа взятый с САУ, кг/ч(м3/ч)-->
                <Attribute>-2</Attribute>
                <Min>*</Min>
                <Max>*</Max>
                <ModeDetectorMin>*</ModeDetectorMin>
                <ModeDetectorDelta>*</ModeDetectorDelta>
              <DefaultValue>0.8</DefaultValue></Input>
              <Input ID="17">
                <!-- P воздуха за ОК (P воздуха за КВД), МПа-->
                <Attribute>1</Attribute>
                <Min>*</Min>
                <Max>*</Max>
                <ModeDetectorMin>0.4</ModeDetectorMin>
                <ModeDetectorDelta>*</ModeDetectorDelta>
              <DefaultValue>0</DefaultValue></Input>
              <Input ID="18">
                <!--плотность топливного газа, кг/м3-->
                <Attribute>-2</Attribute>
                <Min>*</Min>
                <Max>*</Max>
                <ModeDetectorMin>*</ModeDetectorMin>
                <ModeDetectorDelta>*</ModeDetectorDelta>
              <DefaultValue>0.6853</DefaultValue></Input>
              <Input ID="19">
                <!--Теплотворная способность топливного газа, кДж/кг-->
                <Attribute>-2</Attribute>
                <Min>*</Min>
                <Max>*</Max>
                <ModeDetectorMin>*</ModeDetectorMin>
                <ModeDetectorDelta>*</ModeDetectorDelta>
              <DefaultValue>33700</DefaultValue></Input>
            </Inputs>
            <!--***значения параметров по умолчанию-->
            <!--*данные параметры принимаються в случае отсутствия данных -->
            <!--*для указанных параметров на входе (eсли Attribute=0 в MethodicInputs)-->
          </InputsSettings>
          <!--*****блок настройки методики СТО-->
          <Parameters>
            <Polynoms>
              <!--задание коэффициентов полинома-->
              <!-- коэффициентов 1 полинома задаються в полях a00-a05-->
              <!--!!! коэффициентов полинома a10-a14 задаються только при задании двух полиномов на сечение-->
              <!--!!! в случае одного полинома ставяться точка раздела = "-", вторая часть игнорируется-->
              <!--Min/Max границы полинома  (за границами полином не имеет смысла и не расчитывается) -->
              <!--**Коэффициенты полинома СТО-->
              <Polynom ID="1">
                <!--*политропный КПД - расход  ЦБН, -->
                <num>1</num>
                <!--*количество полиномов на характеристику* -->
                <Min>4</Min>
                <Max>8.5</Max>
                <a00>1.84034</a00>
                <a01>-0.80094</a01>
                <a02>0.18303</a02>
                <a03>-0.01287</a03>
                <a04>0</a04>
                <a05>0</a05>
                <!--задание точки раздела полиномов-->
                <Point>5</Point>
                <!--задание коэффициентов 2 полинома-->
                <a10>7</a10>
                <a11>8</a11>
                <a12>9</a12>
                <a13>10</a13>
                <a14>11</a14>
                <a15>12</a15>
              </Polynom>
              <Polynom ID="2">
                <!--*Мощность, МВт- Температура за ТНД, С-->
                <num>1</num>
                <!--*количество полиномов на характеристику* -->
                <Min>420</Min>
                <Max>820</Max>
                <a00>3.834968636</a00>
                <a01>-0.041295219</a01>
                <a02>9.20E-05</a02>
                <a03>0</a03>
                <a04>0</a04>
                <a05>0</a05>
                <!--задание точки раздела полиномов-->
                <Point>0</Point>
                <!--задание коэффициентов 2 полинома-->
                <a10>0</a10>
                <a11>0</a11>
                <a12>0</a12>
                <a13>0</a13>
                <a14>0</a14>
                <a15>10</a15>
              </Polynom>
              <Polynom ID="3">
                <!--*Мощность, МВт- оборотыа КВД, С-->
                                <num>1</num>
                <!--*количество полиномов на характеристику* -->
                <Min>8000</Min>
                <Max>9000</Max>
                <a00>-61.415</a00>
                <a01>0.03781</a01>
                <a02>-7.39e-06</a02>
                <a03>4.66e-10</a03>
                <a04>0</a04>
                <a05>0</a05>
                <!--задание точки раздела полиномов-->
                <Point>0</Point>
                <!--задание коэффициентов 2 полинома-->
                <a10>0</a10>
                <a11>0</a11>
                <a12>0</a12>
                <a13>0</a13>
                <a14>0</a14>
                <a15>10</a15>
              </Polynom>
              <Polynom ID="4">
                <!--*Расход топлива, кг/ч- Температура за ТНД, С-->
                                <num>1</num>
                <!--*количество полиномов на характеристику* -->
                <Min>7</Min>
                <Max>17</Max>
                <a00>0.24954</a00>
                <a01>0.04443</a01>
                <a02>3.60e-5</a02>
                <a03>0</a03>
                <a04>0</a04>
                <a05>0</a05>
                <!--задание точки раздела полиномов-->
                <Point>9.5</Point>
                <!--задание коэффициентов 2 полинома-->
                <a10>7.5</a10>
                <a11>8.5</a11>
                <a12>9.5</a12>
                <a13>10.5</a13>
                <a14>11.5</a14>
                <a15>12.5</a15>
              </Polynom>
            </Polynoms>
            <!--свойства природного газа-->
            <!--параметры на номинальном режиме-->
            <Nominals>
              <Nominal ID="1">
                <!--Номинальная мощность машины, МВт -->
                <value>16</value>
              </Nominal>
                      <Nominal ID="2">
                <!--Номинальные температура за турбины газогенератора, С-->
                <value>650</value>
              </Nominal>

                      <Nominal ID="3">
                <!--Номинальные обороты КВД, С-->
                <value>7500</value>
              </Nominal>
              <Nominal ID="4">
                <!--Номинальные обороты вала силовой турбины, об/мин-->
                <value>5000</value>
              </Nominal>
                <Nominal ID="5">
                <!--Номинальные политропный кпд, -->
                <value>0.8447</value>
              </Nominal>
               <Nominal ID="6">
                <!--Номинальные расход нагнетателя ,м3/с-->
                <value>0.6</value>
              </Nominal>
            </Nominals>
            <!--*****коэффициенты расхода шайб(конфузоров) мерных устройств -->
            <CoefficientDiafr>
              <Coeff ID="1">
                <!--Коэффициент расхода конфузора нагнетателя-->
                <value>43.95</value>
              </Coeff>
              <Coeff ID="2">
                <!--Коэффициент расхода топливной мерной шайбы-->
                <value>0.13841</value>
              </Coeff>
            </CoefficientDiafr>
          </Parameters>
          <!--*****блок настройки (обработки - фильтрации) выходных сигналов-->
          <OutputsSettings>
            <Output ID="1">
              <!--при необходимости удалить-->

            </Output>


          </OutputsSettings>
        </MethodicConfig>
      </Defaults>
    </Common>
    <Tuning>
      <!--Список цехов предприятия-->
      <Shop>
        <!--ID цеха-->
        <Shop_ID>70</Shop_ID>
        <!--Настройки методики для каждого отдельного агрегата-->
        <Agregates>
          <Agregate xsi:type="Agregate_STO_Config">
            <!--ID агрегата-->
            <Mashine_ID>1</Mashine_ID>
            <!--Параметры расчетов методики для данного агрегата-->
            <MethodicConfig>
              <Inputs>
                <!--Температура окружающего воздуха-->
                <T_Atm_C>
                  <!--Y = x*A + b. A - поправочный коэффициент. По умолчанию 1. -->
                  <A>1</A>
                  <!--Y = x*a + B. B - поправочный коэффициент. По умолчанию 0. -->
                  <B>0</B>
                  <!--Аттрибут для расчета. -->
                  <Attribute>1</Attribute>
                  <!--Минимальное значение для детектора устоявшегося режима.-->
                  <Min>-1E+07</Min>
                  <!--Максимальное отклонение параметра для выхода из устоявщегося режима-->
                  <MaxDiff>1E+10</MaxDiff>
                </T_Atm_C>
                <!--Атмосферное бараметрическое давление-->
                <P_Atm_kPa>
                  <!--Y = x*A + b. A - поправочный коэффициент. По умолчанию 1. -->
                  <A>1</A>
                  <!--Y = x*a + B. B - поправочный коэффициент. По умолчанию 0. -->
                  <B>0</B>
                  <!--Аттрибут для расчета. -->
                  <Attribute>0</Attribute>
                  <!--Минимальное значение для детектора устоявшегося режима.-->
                  <Min>-1E+07</Min>
                  <!--Максимальное отклонение параметра для выхода из устоявщегося режима-->
                  <MaxDiff>1E+10</MaxDiff>
                </P_Atm_kPa>
                <!--Скорость вращения ротора низкого давления (двухвальная машина) или ротора ГТУ (одновальная)-->
                <N_rot_nd_RPM>
                  <!--Y = x*A + b. A - поправочный коэффициент. По умолчанию 1. -->
                  <A>1</A>
                  <!--Y = x*a + B. B - поправочный коэффициент. По умолчанию 0. -->
                  <B>0</B>
                  <!--Аттрибут для расчета. -->
                  <Attribute>1</Attribute>
                  <!--Минимальное значение для детектора устоявшегося режима.-->
                  <Min>-1E+07</Min>
                  <!--Максимальное отклонение параметра для выхода из устоявщегося режима-->
                  <MaxDiff>1E+10</MaxDiff>
                </N_rot_nd_RPM>
                <!--Скорость вращения ротора высокого давления (двухвальная машина).К одновальным не применимо.-->
                <N_rot_vd_RPM>
                  <!--Y = x*A + b. A - поправочный коэффициент. По умолчанию 1. -->
                  <A>1</A>
                  <!--Y = x*a + B. B - поправочный коэффициент. По умолчанию 0. -->
                  <B>0</B>
                  <!--Аттрибут для расчета. -->
                  <Attribute>1</Attribute>
                  <!--Минимальное значение для детектора устоявшегося режима.-->
                  <Min>-1E+07</Min>
                  <!--Максимальное отклонение параметра для выхода из устоявщегося режима-->
                  <MaxDiff>1E+10</MaxDiff>
                </N_rot_vd_RPM>
                <!--Скорость вращения ротора нагнетателя-->
                <N_rot_nag_RPM>
                  <!--Y = x*A + b. A - поправочный коэффициент. По умолчанию 1. -->
                  <A>1</A>
                  <!--Y = x*a + B. B - поправочный коэффициент. По умолчанию 0. -->
                  <B>0</B>
                  <!--Аттрибут для расчета. -->
                  <Attribute>1</Attribute>
                  <!--Минимальное значение для детектора устоявшегося режима.-->
                  <Min>-1E+07</Min>
                  <!--Максимальное отклонение параметра для выхода из устоявщегося режима-->
                  <MaxDiff>1E+10</MaxDiff>
                </N_rot_nag_RPM>
                <!--Температура газа на входе нагнетателя-->
                <T_In_Nag_C>
                  <!--Y = x*A + b. A - поправочный коэффициент. По умолчанию 1. -->
                  <A>1</A>
                  <!--Y = x*a + B. B - поправочный коэффициент. По умолчанию 0. -->
                  <B>0</B>
                  <!--Аттрибут для расчета. -->
                  <Attribute>1</Attribute>
                  <!--Минимальное значение для детектора устоявшегося режима.-->
                  <Min>-1E+07</Min>
                  <!--Максимальное отклонение параметра для выхода из устоявщегося режима-->
                  <MaxDiff>1E+10</MaxDiff>
                </T_In_Nag_C>
                <!--Температура газа на выходе нагнетателя-->
                <T_Out_Nag_C>
                  <!--Y = x*A + b. A - поправочный коэффициент. По умолчанию 1. -->
                  <A>1</A>
                  <!--Y = x*a + B. B - поправочный коэффициент. По умолчанию 0. -->
                  <B>0</B>
                  <!--Аттрибут для расчета. -->
                  <Attribute>1</Attribute>
                  <!--Минимальное значение для детектора устоявшегося режима.-->
                  <Min>-1E+07</Min>
                  <!--Максимальное отклонение параметра для выхода из устоявщегося режима-->
                  <MaxDiff>1E+10</MaxDiff>
                </T_Out_Nag_C>
                <!--Избыточное давление на входе нагнетателя-->
                <P_Over_In_Nag_MPa>
                  <!--Y = x*A + b. A - поправочный коэффициент. По умолчанию 1. -->
                  <A>1</A>
                  <!--Y = x*a + B. B - поправочный коэффициент. По умолчанию 0. -->
                  <B>0</B>
                  <!--Аттрибут для расчета. -->
                  <Attribute>1</Attribute>
                  <!--Минимальное значение для детектора устоявшегося режима.-->
                  <Min>-1E+07</Min>
                  <!--Максимальное отклонение параметра для выхода из устоявщегося режима-->
                  <MaxDiff>1E+10</MaxDiff>
                </P_Over_In_Nag_MPa>
                <!--Избыточное давление на выходе нагнетателя-->
                <P_Over_Out_Nag_MPa>
                  <!--Y = x*A + b. A - поправочный коэффициент. По умолчанию 1. -->
                  <A>1</A>
                  <!--Y = x*a + B. B - поправочный коэффициент. По умолчанию 0. -->
                  <B>0</B>
                  <!--Аттрибут для расчета. -->
                  <Attribute>1</Attribute>
                  <!--Минимальное значение для детектора устоявшегося режима.-->
                  <Min>-1E+07</Min>
                  <!--Максимальное отклонение параметра для выхода из устоявщегося режима-->
                  <MaxDiff>1E+10</MaxDiff>
                </P_Over_Out_Nag_MPa>
                <!--Перепад давления на входном конфузоре ЦБН-->
                <dP_In_Conf_kPa>
                  <!--Y = x*A + b. A - поправочный коэффициент. По умолчанию 1. -->
                  <A>1</A>
                  <!--Y = x*a + B. B - поправочный коэффициент. По умолчанию 0. -->
                  <B>0</B>
                  <!--Аттрибут для расчета. -->
                  <Attribute>1</Attribute>
                  <!--Минимальное значение для детектора устоявшегося режима.-->
                  <Min>-1E+07</Min>
                  <!--Максимальное отклонение параметра для выхода из устоявщегося режима-->
                  <MaxDiff>1E+10</MaxDiff>
                </dP_In_Conf_kPa>
                <!--Температура на входе в осевой компрессор (t3)-->
                <T_In_Os_Compr_C>
                  <!--Y = x*A + b. A - поправочный коэффициент. По умолчанию 1. -->
                  <A>1</A>
                  <!--Y = x*a + B. B - поправочный коэффициент. По умолчанию 0. -->
                  <B>0</B>
                  <!--Аттрибут для расчета. -->
                  <Attribute>1</Attribute>
                  <!--Минимальное значение для детектора устоявшегося режима.-->
                  <Min>-1E+07</Min>
                  <!--Максимальное отклонение параметра для выхода из устоявщегося режима-->
                  <MaxDiff>1E+10</MaxDiff>
                </T_In_Os_Compr_C>
                <!--Расчетная температура за ГГ-->
                <T_Calc_Gg_C>
                  <!--Y = x*A + b. A - поправочный коэффициент. По умолчанию 1. -->
                  <A>1</A>
                  <!--Y = x*a + B. B - поправочный коэффициент. По умолчанию 0. -->
                  <B>0</B>
                  <!--Аттрибут для расчета. -->
                  <Attribute>1</Attribute>
                  <!--Минимальное значение для детектора устоявшегося режима.-->
                  <Min>-1E+07</Min>
                  <!--Максимальное отклонение параметра для выхода из устоявщегося режима-->
                  <MaxDiff>1E+10</MaxDiff>
                </T_Calc_Gg_C>
                <!--Расход топливного газа через ЦБН, взятый с САУ-->
                <dTg_Over_CBN_sau>
                  <!--Y = x*A + b. A - поправочный коэффициент. По умолчанию 1. -->
                  <A>1</A>
                  <!--Y = x*a + B. B - поправочный коэффициент. По умолчанию 0. -->
                  <B>0</B>
                  <!--Аттрибут для расчета. -->
                  <Attribute>0</Attribute>
                  <!--Минимальное значение для детектора устоявшегося режима.-->
                  <Min>-1E+07</Min>
                  <!--Максимальное отклонение параметра для выхода из устоявщегося режима-->
                  <MaxDiff>1E+10</MaxDiff>
                </dTg_Over_CBN_sau>
                <!--Температура топливного газа-->
                <T_TG_C>
                  <!--Y = x*A + b. A - поправочный коэффициент. По умолчанию 1. -->
                  <A>1</A>
                  <!--Y = x*a + B. B - поправочный коэффициент. По умолчанию 0. -->
                  <B>0</B>
                  <!--Аттрибут для расчета. -->
                  <Attribute>1</Attribute>
                  <!--Минимальное значение для детектора устоявшегося режима.-->
                  <Min>-1E+07</Min>
                  <!--Максимальное отклонение параметра для выхода из устоявщегося режима-->
                  <MaxDiff>1E+10</MaxDiff>
                </T_TG_C>
                <!--Избыточное давление топливного газа-->
                <P_Tg_Flow_MPa>
                  <!--Y = x*A + b. A - поправочный коэффициент. По умолчанию 1. -->
                  <A>1</A>
                  <!--Y = x*a + B. B - поправочный коэффициент. По умолчанию 0. -->
                  <B>0</B>
                  <!--Аттрибут для расчета. -->
                  <Attribute>1</Attribute>
                  <!--Минимальное значение для детектора устоявшегося режима.-->
                  <Min>-1E+07</Min>
                  <!--Максимальное отклонение параметра для выхода из устоявщегося режима-->
                  <MaxDiff>1E+10</MaxDiff>
                </P_Tg_Flow_MPa>
                <!--Перепад давления на диафрагме топливного газа-->
                <dP_Diafr_Tg_kPa>
                  <!--Y = x*A + b. A - поправочный коэффициент. По умолчанию 1. -->
                  <A>1</A>
                  <!--Y = x*a + B. B - поправочный коэффициент. По умолчанию 0. -->
                  <B>0</B>
                  <!--Аттрибут для расчета. -->
                  <Attribute>1</Attribute>
                  <!--Минимальное значение для детектора устоявшегося режима.-->
                  <Min>-1E+07</Min>
                  <!--Максимальное отклонение параметра для выхода из устоявщегося режима-->
                  <MaxDiff>1E+10</MaxDiff>
                </dP_Diafr_Tg_kPa>
                <!--Расход топливного газа взятый с САУ-->
                <dTg_sau>
                  <!--Y = x*A + b. A - поправочный коэффициент. По умолчанию 1. -->
                  <A>1</A>
                  <!--Y = x*a + B. B - поправочный коэффициент. По умолчанию 0. -->
                  <B>0</B>
                  <!--Аттрибут для расчета. -->
                  <Attribute>0</Attribute>
                  <!--Минимальное значение для детектора устоявшегося режима.-->
                  <Min>-1E+07</Min>
                  <!--Максимальное отклонение параметра для выхода из устоявщегося режима-->
                  <MaxDiff>1E+10</MaxDiff>
                </dTg_sau>
                <!--P воздуха за ОК-->
                <P_OK_MPa>
                  <!--Y = x*A + b. A - поправочный коэффициент. По умолчанию 1. -->
                  <A>1</A>
                  <!--Y = x*a + B. B - поправочный коэффициент. По умолчанию 0. -->
                  <B>0</B>
                  <!--Аттрибут для расчета. -->
                  <Attribute>1</Attribute>
                  <!--Минимальное значение для детектора устоявшегося режима.-->
                  <Min>-1E+07</Min>
                  <!--Максимальное отклонение параметра для выхода из устоявщегося режима-->
                  <MaxDiff>1E+10</MaxDiff>
                </P_OK_MPa>
              </Inputs>
              <Parameters1>
                <!--Номинальная мощность машины, МВт -->
                <P_Nom_MVt>16</P_Nom_MVt>
                <!--Номинальные обороты вала низкого давления (двухвальная машина).К одновальным не применимо.-->
                <N_Nom_Nd_RPM>-1</N_Nom_Nd_RPM>
                <!--Номинальные обороты вала силовой турбины-->
                <N_Nom_Dble_RPM>5200</N_Nom_Dble_RPM>
                <!--Атмосферное давление-->
                <P_Atm_kPa>101.25</P_Atm_kPa>
                <!--Коэффициент расхода конфузора нагнетателя-->
                <Coeff_Conf_N>43.95</Coeff_Conf_N>
                <!--Коэффициент расхода топливной мерной шайбы-->
                <Coeff_Topl_Ring_N>0.13841</Coeff_Topl_Ring_N>
                <!--Номинальная теплотворная способность топлива (См. [2] Приложение 1)-->
                <Fuel_Power>50000</Fuel_Power>
              </Parameters1>
              <Parameters2>
                <!--Номинальная мощность-->
                <P_Nom>16</P_Nom>
                <!--Номинальный политропный КПД ЦБН-->
                <Pol_KPD_CBN_Nom>0.8447619</Pol_KPD_CBN_Nom>
                <!--Мин. рачход газа через ЦБН-->
                <Qr_CS_Min>3</Qr_CS_Min>
                <!--Макс. рачход газа через ЦБН-->
                <Qr_CS_Max>6.75</Qr_CS_Max>
                <!--Мин. температура за турбиной-->
                <t_tnd_Min>420</t_tnd_Min>
                <!--Макс. температура за турбиной-->
                <t_tnd_Max>820</t_tnd_Max>
                <!--Мин. обороты вала высокого давления-->
                <n_vd_Min>8000</n_vd_Min>
                <!--Макс. обороты вала высокого давления-->
                <n_vd_Max>9000</n_vd_Max>
                <!--Мин. приведенная мощность-->
                <Ne_pr_Min>7</Ne_pr_Min>
                <!--Макс. приведенная мощность-->
                <Ne_pr_Max>17</Ne_pr_Max>
              </Parameters2>
              <Polynoms>
                <!--ЦБН. Зависимость политропного КПД от приведенного расхода газа/ Первая вкладка.-->
                <CBN_Map_CS>
                  <!--Полином 5-й степени. Слева от максимума.-->
                  <Polynom>0;1;0;0;0;0;</Polynom>
                  <Attr>1</Attr>
                  <PolynomLeft>0;1;0;0;0;0;</PolynomLeft>
                  <!--Точка разделяющая кривую на два полинома. Слева от точки считается первый полином, справа - второй.-->
                  <Max_Point_X>10</Max_Point_X>
                  <!--Полином 5-й степени. Справа от максимума.-->
                  <PolynomRight>0;1;0;0;0;0;</PolynomRight>
                </CBN_Map_CS>
                <!--ГТУ. Зависимость мощности от температуры за турбиной-->
                <map_GT_T2N>
                  <!--Полином 5-й степени. Y= a[4]*x^4 + a[3]*x^3 + a[2]*x^2-->
                  <Polynom>0;1;0;0;0;0;</Polynom>
                  <Attr>1</Attr>
                </map_GT_T2N>
                <!--ГТУ. Зависимость мощности от оборотов вала турбины-->
                <map_GT_n2N>
                  <!--Полином 5-й степени. Y= a[4]*x^4 + a[3]*x^3 + a[2]*x^2-->
                  <Polynom>0;1;0;0;0;0;</Polynom>
                  <Attr>1</Attr>
                </map_GT_n2N>
                <!--ГТУ. Зависимость расхода топливного газа от мощности-->
                <map_GT_N2F>
                  <!--Полином 5-й степени. Y= a[4]*x^4 + a[3]*x^3 + a[2]*x^2-->
                  <Polynom>0;1;0;0;0;0;</Polynom>
                  <Attr>1</Attr>
                </map_GT_N2F>
              </Polynoms>
            </MethodicConfig>
          </Agregate>
          <Agregate xsi:type="Agregate_STO_Config">
            <!--ID агрегата-->
            <Mashine_ID>3</Mashine_ID>
          </Agregate>
          <Agregate xsi:type="Agregate_STO_Config">
            <!--ID агрегата-->
            <Mashine_ID>4</Mashine_ID>
          </Agregate>
        </Agregates>
      </Shop>
    </Tuning>
  </Metodic>
</ArrayOfMetodic>

















